base1,base2,base3,direction,game,id,inning,log,out,Player,result,team
NA,NA,NA,3B,1,第一棒,1上,1.第一棒3B王威晨:左外野方向一壘安打。,零出局,王威晨,一壘安打,兄弟(1) VS (0)桃猿
王威晨,NA,NA,SS,1,第二棒,1上,2.第二棒SS吳東融:中外野方向一壘安打，一二壘有人。,零出局,吳東融,一壘安打,兄弟(1) VS (0)桃猿
吳東融,王威晨,NA,LF,1,第三棒,1上,3.第三棒LF周思齊:右外野方向一壘安打，帶有一分打點，一二壘有人。,零出局,周思齊,一壘安打,兄弟(1) VS (0)桃猿
周思齊,吳東融,NA,CF,1,第四棒,1上,4.第四棒CF張志豪:中外野方向一壘安打，滿壘。,零出局,張志豪,一壘安打,兄弟(1) VS (0)桃猿
張志豪,周思齊,吳東融,RF,1,第五棒,1上,5.第五棒RF詹子賢:三振，一出局，滿壘。,零出局,詹子賢,三振,兄弟(1) VS (0)桃猿
詹子賢,張志豪,周思齊,DH,1,第六棒,1上,6.第六棒DH陳子豪:二壘方向滾地球，2B接球後傳給補位SS封殺跑者，帶有一分打點，二出局，打者上一壘，一三壘有人。,一出局,陳子豪,封殺,兄弟(1) VS (0)桃猿
陳子豪,NA,張志豪,1B,1,第七棒,1上,7.第七棒1B彭政閔:三振，三出局。,二出局,彭政閔,三振,兄弟(2) VS (0)桃猿
NA,NA,NA,LF,1,第一棒,1下,1.第一棒LF藍寅倫:三振，一出局。,零出局,藍寅倫,三振,兄弟(2) VS (0)桃猿
NA,NA,NA,3B,1,第二棒,1下,2.第二棒3B林立:一壘方向平飛球被接殺，二出局。,一出局,林立,接殺,兄弟(2) VS (0)桃猿
NA,NA,NA,CF,1,第三棒,1下,3.第三棒CF王柏融:三振，三出局。,二出局,王柏融,三振,兄弟(2) VS (0)桃猿
NA,NA,NA,RF,1,第八棒,2上,1.第八棒C王峻杰:右外野方向二壘安打。,零出局,王峻杰,二壘安打,兄弟(2) VS (0)桃猿
NA,王峻杰,NA,/,1,/,2上, C捕逸，跑者上三壘,零出局,/,捕逸,兄弟(2) VS (0)桃猿
NA,NA,王峻杰,2B,1,第九棒,2上,2.第九棒2B王勝偉:左外野方向全壘打，帶有兩分打點。,零出局,王勝偉,全壘打,兄弟(2) VS (0)桃猿
NA,NA,NA,3B,1,第一棒,2上,3.第一棒3B王威晨:四壞球保送。,零出局,王威晨,保送,兄弟(4) VS (0)桃猿
王威晨,NA,NA,SS,1,第二棒,2上,4.第二棒SS吳東融:右外野方向飛球被接殺，一出局，跑者仍佔一壘。,零出局,吳東融,接殺,兄弟(4) VS (0)桃猿
王威晨,NA,NA,/,1,/,2上, 一壘上跑者盜壘成功，二壘有人,一出局,/,盜壘,兄弟(4) VS (0)桃猿
NA,王威晨,NA,LF,1,第三棒,2上,5.第三棒LF周思齊:中外野方向飛球被接殺，二出局，跑者仍佔二壘。,一出局,周思齊,接殺,兄弟(4) VS (0)桃猿
NA,王威晨,NA,CF,1,第四棒,2上,6.第四棒CF張志豪:游擊上方飛球被接殺，三出局。,二出局,張志豪,接殺,兄弟(4) VS (0)桃猿
NA,NA,NA,DH,1,第四棒,2下,1.第四棒DH林泓育:左外野方向飛球被接殺，一出局。,零出局,林泓育,接殺,兄弟(4) VS (0)桃猿
NA,NA,NA,1B,1,第五棒,2下,2.第五棒1B陳俊秀:右外野方向飛球被接殺，二出局。,一出局,陳俊秀,接殺,兄弟(4) VS (0)桃猿
NA,NA,NA,2B,1,第六棒,2下,3.第六棒2B郭嚴文:中外野方向一壘安打。,二出局,郭嚴文,一壘安打,兄弟(4) VS (0)桃猿
郭嚴文,NA,NA,C,1,第七棒,2下,4.第七棒C廖健富:左外野方向飛球被接殺，三出局。,二出局,廖健富,接殺,兄弟(4) VS (0)桃猿
NA,NA,NA,RF,1,第五棒,3上,1.第五棒RF詹子賢:游擊方向平飛球被接殺，一出局。,零出局,詹子賢,接殺,兄弟(4) VS (0)桃猿
NA,NA,NA,DH,1,第六棒,3上,2.第六棒DH陳子豪:四壞球保送。,一出局,陳子豪,保送,兄弟(4) VS (0)桃猿
陳子豪,NA,NA,1B,1,第七棒,3上,3.第七棒1B彭政閔:三壘方向滾地球，3B接球後先傳二壘封殺跑者，再傳一壘刺殺打者形成雙殺，三出局,一出局,彭政閔,雙殺,兄弟(4) VS (0)桃猿
NA,NA,NA,RF,1,第八棒,3下,1.第八棒RF詹智堯:一壘方向滾地球，1B接球後自踩壘包刺殺打者，一出局。,零出局,詹智堯,刺殺,兄弟(4) VS (0)桃猿
NA,NA,NA,SS,1,第九棒,3下,2.第九棒SS余德龍:三振，二出局。,一出局,余德龍,三振,兄弟(4) VS (0)桃猿
NA,NA,NA,LF,1,第一棒,3下,3.第一棒LF藍寅倫:右外野方向飛球落地形成一壘安打。,二出局,藍寅倫,一壘安打,兄弟(4) VS (0)桃猿
藍寅倫,NA,NA,3B,1,第二棒,3下,4.第二棒3B林立:中外野方向全壘打，帶有兩分打點。,二出局,林立,全壘打,兄弟(4) VS (0)桃猿
NA,NA,NA,CF,1,第三棒,3下,5.第三棒CF王柏融:右外野方向一壘安打。,二出局,王柏融,一壘安打,兄弟(4) VS (2)桃猿
王柏融,NA,NA,DH,1,第四棒,3下,6.第四棒DH林泓育:左外野方向二壘安打，帶有一分打點。,二出局,林泓育,二壘安打,兄弟(4) VS (2)桃猿
NA,林泓育,NA,1B,1,第五棒,3下,7.第五棒1B陳俊秀:游擊方向滾地球，SS接球後傳一壘刺殺打者，三出局。,二出局,陳俊秀,刺殺,兄弟(4) VS (3)桃猿
NA,NA,NA,C,1,第八棒,4上,1.第八棒C王峻杰:中外野方向飛球被接殺，一出局。,零出局,王峻杰,接殺,兄弟(4) VS (3)桃猿
NA,NA,NA,2B,1,第九棒,4上,2.第九棒2B王勝偉:游擊方向滾地球，SS接球後傳一壘刺殺打者，二出局。,一出局,王勝偉,刺殺,兄弟(4) VS (3)桃猿
NA,NA,NA,3B,1,第一棒,4上,3.第一棒3B王威晨:中外野方向飛球被接殺，三出局。,二出局,王威晨,接殺,兄弟(4) VS (3)桃猿
NA,NA,NA,2B,1,第六棒,4下,1.第六棒2B郭嚴文:右外野方向二壘安打。,零出局,郭嚴文,二壘安打,兄弟(4) VS (3)桃猿
NA,郭嚴文,NA,C,1,第七棒,4下,2.第七棒C廖健富:右外野方向一壘安打，帶有一分打點。,零出局,廖健富,一壘安打,兄弟(4) VS (3)桃猿
廖健富,NA,NA,RF,1,第八棒,4下,3.第八棒RF詹智堯:(投手暴投，跑者上三壘)，內野飛球被2B接殺，一出局，三壘有人。,零出局,詹智堯,投手暴投-接殺,兄弟(4) VS (4)桃猿
NA,NA,廖健富,SS,1,第九棒,4下,4.第九棒SS余德龍:左外野方向一壘安打，帶有一分打點。,一出局,余德龍,一壘安打,兄弟(4) VS (4)桃猿
余德龍,NA,NA,LF,1,第一棒,4下,5.第一棒LF藍寅倫:左外野方向飛球被接殺，二出局，跑者仍佔一壘。,一出局,藍寅倫,接殺,兄弟(4) VS (5)桃猿
余德龍,NA,NA,/,1,/,4下, 一壘上跑者盜壘失敗，三出局,二出局,/,盜壘失敗,兄弟(4) VS (5)桃猿
NA,NA,NA,SS,1,第二棒,5上,1.第二棒SS吳東融:游擊後方飛球被接殺，一出局。,零出局,吳東融,接殺,兄弟(4) VS (5)桃猿
NA,NA,NA,LF,1,第三棒,5上,2.第三棒LF周思齊:三振，二出局。,一出局,周思齊,三振,兄弟(4) VS (5)桃猿
NA,NA,NA,CF,1,第四棒,5上,3.第四棒CF張志豪:右外野方向二壘安打。,二出局,張志豪,二壘安打,兄弟(4) VS (5)桃猿
NA,張志豪,NA,RF,1,第五棒,5上,4.第五棒RF詹子賢:右外野方向飛球被接殺，三出局。,二出局,詹子賢,接殺,兄弟(4) VS (5)桃猿
NA,NA,NA,3B,1,第二棒,5下,1.第二棒3B林立:三壘方向滾地球，3B接球後傳一壘刺殺打者，一出局。,零出局,林立,刺殺,兄弟(4) VS (5)桃猿
NA,NA,NA,CF,1,第三棒,5下,2.第三棒CF王柏融:中外野方向飛球被接殺，二出局。,一出局,王柏融,接殺,兄弟(4) VS (5)桃猿
NA,NA,NA,DH,1,第四棒,5下,3.第四棒DH林泓育:三壘方向反彈球，3B接球後傳一壘刺殺打者，三出局。,二出局,林泓育,刺殺,兄弟(4) VS (5)桃猿
NA,NA,NA,DH,1,第六棒,6上,1.第六棒DH陳子豪:三壘旁界外飛球被接殺，一出局。,零出局,陳子豪,接殺,兄弟(4) VS (5)桃猿
NA,NA,NA,1B,1,第七棒,6上,2.第七棒1B彭政閔:投手前反彈球，投手接球後傳一壘刺殺打者，二出局。,一出局,彭政閔,刺殺,兄弟(4) VS (5)桃猿
NA,NA,NA,C,1,第八棒,6上,3.第八棒C王峻杰:三振，三出局。,二出局,王峻杰,三振,兄弟(4) VS (5)桃猿
NA,NA,NA,1B,1,第五棒,6下,1.第五棒1B陳俊秀:中外野方向一壘安打。,零出局,陳俊秀,一壘安打,兄弟(4) VS (5)桃猿
陳俊秀,NA,NA,2B,1,第六棒,6下,2.第六棒2B郭嚴文:四壞球保送，一二壘有人。,零出局,郭嚴文,保送,兄弟(4) VS (5)桃猿
郭嚴文,陳俊秀,NA,C,1,第七棒,6下,3.第七棒C廖健富:犧牲觸擊，1B趨前接球後傳給補位2B刺殺打者，一出局，跑者推進到二三壘。,零出局,廖健富,犧牲觸擊,兄弟(4) VS (5)桃猿
NA,郭嚴文,陳俊秀,RF,1,第八棒,6下,4.第八棒RF詹智堯:右外野方向高飛犧牲打，帶有一分打點。,一出局,詹智堯,高飛犧牲打,兄弟(4) VS (5)桃猿
NA,NA,NA,SS,1,第九棒,6下,5.第九棒SS余德龍:一壘方向滾地球，1B接球後自踩壘包刺殺打者，三出局。,二出局,余德龍,刺殺,兄弟(4) VS (6)桃猿
NA,NA,NA,2B,1,第九棒,7上,1.第九棒2B王勝偉:三振，一出局。,零出局,王勝偉,三振,兄弟(4) VS (6)桃猿
NA,NA,NA,3B,1,第一棒,7上,2.第一棒3B王威晨:中外野方向一壘安打。,一出局,王威晨,一壘安打,兄弟(4) VS (6)桃猿
王威晨,NA,NA,SS,1,第二棒,7上,3.第二棒SS吳東融:左外野方向飛球被接殺，二出局，跑者仍佔一壘。,一出局,吳東融,接殺,兄弟(4) VS (6)桃猿
NA,NA,NA,LF,1,第三棒,7上,4.第三棒LF周思齊:三振，三出局。,二出局,周思齊,三振,兄弟(4) VS (6)桃猿
NA,NA,NA,LF,1,第一棒,7下,1.第一棒LF藍寅倫:投手前反彈球，投手接球後傳一壘刺殺打者，一出局。,零出局,藍寅倫,刺殺,兄弟(4) VS (5)桃猿
NA,NA,NA,3B,1,第二棒,7下,2.第二棒3B林立:中外野方向飛球被接殺，二出局。,一出局,林立,接殺,兄弟(4) VS (5)桃猿
NA,NA,NA,CF,1,第三棒,7下,3.第三棒CF王柏融:觸身球保送。,二出局,王柏融,觸身,兄弟(4) VS (5)桃猿
王柏融,NA,NA,/,1,/,7下, 桃猿更換一壘代跑:鍾承祐,二出局,/,/,兄弟(4) VS (5)桃猿
鍾承祐,NA,NA,DH,1,第四棒,7下,4.第四棒DH林泓育:右外野方向飛球被接殺，三出局。,二出局,林泓育,接殺,兄弟(4) VS (5)桃猿
NA,NA,NA,CF,1,第四棒,8上,1.第四棒CF張志豪:中外野方向飛球被接殺，一出局。,零出局,張志豪,接殺,兄弟(4) VS (6)桃猿
NA,NA,NA,RF,1,第五棒,8上,2.第五棒RF詹子賢:中外野方向飛球被接殺，二出局。,一出局,詹子賢,接殺,兄弟(4) VS (6)桃猿
NA,NA,NA,DH,1,第六棒,8上,3.第六棒DH陳子豪:左外野方向二壘安打。,二出局,陳子豪,二壘安打,兄弟(4) VS (6)桃猿
NA,陳子豪,NA,1B,1,第七棒,8上,4.第七棒1B彭政閔:右外野方向一壘安打，跑者在本壘前被回傳球觸殺出局，三出局。,二出局,彭政閔,一壘安打-觸殺,兄弟(4) VS (6)桃猿
NA,NA,NA,1B,1,第五棒,8下,1.第五棒1B陳俊秀:三振，一出局。,零出局,陳俊秀,三振,兄弟(4) VS (6)桃猿
NA,NA,NA,2B,1,第六棒,8下,2.第六棒2B郭嚴文:右外野方向一壘安打，。,一出局,郭嚴文,一壘安打,兄弟(4) VS (6)桃猿
郭嚴文,NA,NA,C,1,第七棒,8下,3.第七棒C廖健富:中外野方向一壘安打，跑者在三壘前被觸殺出局，二出局。,一出局,廖健富,一壘安打-觸殺,兄弟(4) VS (6)桃猿
廖健富,NA,NA,CF,1,第八棒,8下,4.第八棒CF詹智堯:二壘方向滾地球形成內野安打，一二壘有人。,二出局,詹智堯,內野安打,兄弟(4) VS (6)桃猿
詹智堯,廖健富,NA,SS,1,第九棒,8下,5.第九棒SS余德龍:右外野方向飛球被接殺，三出局。,二出局,余德龍,接殺,兄弟(4) VS (6)桃猿
NA,NA,NA,PH,1,第八棒,9上,1.第八棒代打林書逸:四壞球保送。,零出局,林書逸,保送,兄弟(4) VS (6)桃猿
林書逸,NA,NA,2B,1,第九棒,9上,2.第九棒2B王勝偉:三振，一出局，跑者仍佔一壘。,零出局,王勝偉,三振,兄弟(4) VS (6)桃猿
王威晨,林書逸,NA,3B,1,第一棒,9上,3.第一棒3B王威晨:右外野方向一壘安打，一二壘有人。,一出局,王威晨,一壘安打,兄弟(4) VS (6)桃猿
王威晨,林書逸,NA,PH,1,第二棒,9上,4.第二棒代打蘇緯達:三振，二出局，跑者仍佔一二壘。,一出局,蘇緯達,三振,兄弟(4) VS (6)桃猿
NA,NA,NA,LF,1,第三棒,9上,5.第三棒LF周思齊:二壘方向滾地球，2B接球後傳一壘刺殺打者，三出局。,二出局,周思齊,刺殺,兄弟(4) VS (6)桃猿
NA,NA,NA,3B,2,第一棒,1上,1.第一棒3B王威晨:二壘方向滾地球，2B接球後傳一壘刺殺打者，一出局。,零出局,王威晨,刺殺,兄弟(0) VS (0)桃猿
NA,NA,NA,SS,2,第二棒,1上,2.第二棒SS吳東融:三振，二出局。,一出局,吳東融,三振,兄弟(0) VS (0)桃猿
NA,NA,NA,LF,2,第三棒,1上,3.第三棒LF周思齊:二壘方向滾地球，2B接球後傳一壘刺殺打者，三出局。,二出局,周思齊,刺殺,兄弟(0) VS (0)桃猿
NA,NA,NA,SS,2,第一棒,1下,1.第一棒SS林立:二壘方向滾地球，2B接球後傳一壘刺殺打者，一出局。,零出局,林立,刺殺,兄弟(0) VS (0)桃猿
NA,NA,NA,3B,2,第二棒,1下,2.第二棒3B林智平:游擊方向反彈球，SS接球後傳一壘刺殺打者，二出局。,一出局,林智平,刺殺,兄弟(0) VS (0)桃猿
NA,NA,NA,CF,2,第三棒,1下,3.第三棒CF王柏融:中外野方向一壘安打。,二出局,王柏融,一壘安打,兄弟(0) VS (0)桃猿
王柏融,NA,NA,DH,2,第四棒,1下,4.第四棒DH林泓育:右外野方向飛球被接殺，三出局。,二出局,林泓育,接殺,兄弟(0) VS (0)桃猿
NA,NA,NA,RF,2,第四棒,2上,1.第四棒CF張志豪:右外野方向一壘安打。,零出局,張志豪,一壘安打,兄弟(0) VS (0)桃猿
 張志豪,NA,NA,RF,2,第五棒,2上,2.第五棒RF詹子賢:右外野方向二壘安打，原一壘上跑者被回傳球觸殺在本壘前，一出局。,零出局,詹子賢,二壘安打-觸殺,兄弟(0) VS (0)桃猿
NA,詹子賢,NA,DH,2,第六棒,2上,3.第六棒DH陳子豪:右外野方向一壘安打，一三壘有人。,一出局,陳子豪,一壘安打,兄弟(0) VS (0)桃猿
陳子豪,NA,詹子賢,1B,2,第七棒,2上,4.第七棒1B彭政閔:游擊方向滾地球，SS接球後傳二壘封殺跑者，再傳一壘刺殺打者形成雙殺，三出局。,二出局,彭政閔,雙殺,兄弟(0) VS (0)桃猿
NA,NA,NA,1B,2,第五棒,2下,1.第五棒1B陳俊秀:左外野方向飛球被接殺，一出局。,零出局,陳俊秀,接殺,兄弟(0) VS (0)桃猿
NA,NA,NA,2B,2,第六棒,2下,2.第六棒2B郭嚴文:二壘方向滾地球，2B接球後傳一壘刺殺打者，二出局。,一出局,郭嚴文,刺殺,兄弟(0) VS (0)桃猿
NA,NA,NA,LF,2,第七棒,2下,3.第七棒LF朱育賢:三振，三出局。,二出局,朱育賢,三振,兄弟(0) VS (0)桃猿
NA,NA,NA,C,2,第八棒,3上,1.第八棒C吳明鴻:二壘方向滾地球，2B接球後傳一壘刺殺打者，一出局。,零出局,吳明鴻,刺殺,兄弟(0) VS (0)桃猿
NA,NA,NA,2B,2,第九棒,3上,2.第九棒2B王勝偉:左外野方向二壘安打。,一出局,王勝偉,二壘安打,兄弟(0) VS (0)桃猿
NA,王勝偉,NA,3B,2,第一棒,3上,3.第一棒3B王威晨:四壞球保送，一二壘有人。,一出局,王威晨,保送,兄弟(0) VS (0)桃猿
王威晨,王勝偉,NA,SS,2,第二棒,3上,4.第二棒SS吳東融:左外野方向一壘安打，滿壘。,一出局,吳東融,一壘安打,兄弟(0) VS (0)桃猿
吳東融,王威晨,王勝偉,LF,2,第三棒,3上,5.第三棒LF周思齊:右外野方向高飛犧牲打，帶有一分打點，二出局，一三壘有人。,一出局,周思齊,高飛犧牲打,兄弟(0) VS (0)桃猿
吳東融,NA,王威晨,CF,2,第四棒,3上,6.第四棒CF張志豪:三振，三出局。,二出局,張志豪,三振,兄弟(1) VS (0)桃猿
NA,NA,NA,C,2,第八棒,3下,1.第八棒C廖健富:中外野方向一壘安打。,零出局,廖健富,一壘安打,兄弟(1) VS (0)桃猿
廖健富,NA,NA,RF,2,第九棒,3下,2.第九棒RF鍾承祐:右外野方向飛球被接殺，一出局，跑者仍佔一壘。,零出局,鍾承祐,接殺,兄弟(1) VS (0)桃猿
廖健富,NA,NA,SS,2,第一棒,3下,3.第一棒SS林立:右外野方向飛球被接殺，二出局，跑者仍佔一壘。,一出局,林立,接殺,兄弟(1) VS (0)桃猿
NA,NA,NA,3B,2,第二棒,3下,4.第二棒3B林智平:三振，三出局。,二出局,林智平,三振,兄弟(1) VS (0)桃猿
NA,NA,NA,RF,2,第五棒,4上,1.第五棒RF詹子賢:投手前反彈球形成內野安打。,零出局,詹子賢,內野安打,兄弟(1) VS (0)桃猿
詹子賢,NA,NA,DH,2,第六棒,4上,2.第六棒DH陳子豪:游擊方向滾地球，SS接球後傳二壘封殺跑者，再傳一壘刺殺打者形成雙殺，二出局。,零出局,陳子豪,雙殺,兄弟(1) VS (0)桃猿
NA,NA,NA,1B,2,第七棒,4上,3.第七棒1B彭政閔:右外野方向一壘安打。,二出局,彭政閔,一壘安打,兄弟(1) VS (0)桃猿
彭政閔,NA,NA,/,2,/,4上, 一壘上跑者離壘過遠，被投手牽制出局，三出局,二出局,/,/,兄弟(1) VS (0)桃猿
NA,NA,NA,CF,2,第三棒,4下,1.第三棒CF王柏融:中外野方向一壘安打。,零出局,王柏融,一壘安打,兄弟(1) VS (0)桃猿
王柏融,NA,NA,DH,2,第四棒,4下,2.第四棒DH林泓育:中外野方向飛球被接殺，一出局，跑者仍佔一壘。,零出局,林泓育,接殺,兄弟(1) VS (0)桃猿
王柏融,NA,NA,1B,2,第五棒,4下,3.第五棒1B陳俊秀:四壞球保送，一二壘有人。,一出局,陳俊秀,保送,兄弟(1) VS (0)桃猿
陳俊秀,王柏融,NA,2B,2,第六棒,4下,4.第六棒2B郭嚴文:三振，二出局，跑者仍佔一二壘。,一出局,郭嚴文,三振,兄弟(1) VS (0)桃猿
陳俊秀,王柏融,NA,LF,2,第七棒,4下,5.第七棒LF朱育賢:游擊方向滾地球，SS接球後傳一壘刺殺打者，三出局。,二出局,朱育賢,刺殺封殺,兄弟(1) VS (0)桃猿
NA,NA,NA,C,2,第八棒,5上,1.第八棒C吳明鴻:三振，一出局。,零出局,吳明鴻,三振,兄弟(1) VS (0)桃猿
NA,NA,NA,2B,2,第九棒,5上,2.第九棒2B王勝偉:左外野方向飛球被接殺，二出局。,一出局,王勝偉,接殺,兄弟(1) VS (0)桃猿
NA,NA,NA,3B,2,第一棒,5上,3.第一棒3B王威晨:四壞球保送。,二出局,王威晨,保送,兄弟(1) VS (0)桃猿
王威晨,NA,NA,/,2,/,5上, 一壘上跑者盜壘成功，二壘有人,二出局,/,盜壘,兄弟(1) VS (0)桃猿
NA,王威晨,NA,SS,2,第二棒,5上,4.第二棒SS吳東融:三振，三出局。,二出局,吳東融,三振,兄弟(1) VS (0)桃猿
NA,NA,NA,C,2,第八棒,5下,1.第八棒C廖健富:三振，一出局。,零出局,廖健富,三振,兄弟(1) VS (0)桃猿
NA,NA,NA,RF,2,第九棒,5下,2.第九棒RF鍾承祐:游擊方向滾地球，SS接球後傳一壘刺殺打者，二出局。,一出局,鍾承祐,刺殺,兄弟(1) VS (0)桃猿
NA,NA,NA,SS,2,第一棒,5下,3.第一棒SS林立:右外野方向二壘安打。,二出局,林立,二壘安打,兄弟(1) VS (0)桃猿
NA,林立,NA,3B,2,第二棒,5下,4.第二棒3B林智平:中外野方向一壘安打，帶有一分打點。,二出局,林智平,一壘安打,兄弟(1) VS (0)桃猿
林智平,NA,NA,/,2,/,5下, 一壘上跑者盜壘成功，二壘有人,二出局,/,盜壘,兄弟(1) VS (1)桃猿
王柏融,林智平,NA,CF,2,第三棒,5下,5.第三棒CF王柏融:故意四壞球保送，一二壘有人。,二出局,王柏融,保送,兄弟(1) VS (1)桃猿
NA,NA,NA,DH,2,第四棒,5下,6.第四棒DH林泓育:一壘方向滾地球，1B接球後傳給補位投手刺殺打者，三出局。,二出局,林泓育,刺殺,兄弟(1) VS (1)桃猿
NA,NA,NA,LF,2,第三棒,6上,1.第三棒LF周思齊:觸身球保送。,零出局,周思齊,觸身,兄弟(1) VS (1)桃猿
周思齊,NA,NA,CF,2,第四棒,6上,2.第四棒CF張志豪:左外野方向一壘安打，一二壘有人。,零出局,張志豪,一壘安打,兄弟(1) VS (1)桃猿
張志豪,周思齊,NA,RF,2,第五棒,6上,3.第五棒RF詹子賢:三壘方向滾地球，3B接球後先踩壘包封殺跑者，再傳一壘刺殺打者形成雙殺，二出局，二壘有人。,零出局,詹子賢,雙殺,兄弟(1) VS (1)桃猿
NA,周思齊,NA,/,2,/,6上, 投手暴投，跑者上三壘,二出局,/,投手暴投,兄弟(1) VS (1)桃猿
NA,NA,周思齊,DH,2,第六棒,6上,4.第六棒DH陳子豪:二壘方向滾地球，2B接球後傳一壘刺殺打者，三出局。,二出局,陳子豪,刺殺,兄弟(1) VS (1)桃猿
NA,NA,NA,1B,2,第五棒,6下,1.第五棒1B陳俊秀:右外野方向飛球落地形成一壘安打。,零出局,陳俊秀,一壘安打,兄弟(1) VS (1)桃猿
陳俊秀,NA,NA,2B,2,第六棒,6下,2.第六棒2B郭嚴文:右外野方向二壘安打，二三壘有人。,零出局,郭嚴文,二壘安打,兄弟(1) VS (1)桃猿
NA,郭嚴文,陳俊秀,PH,2,第七棒,6下,3.第七棒代打楊岱均:游擊方向滾地球，原二壘上跑者在二三壘間遭到夾殺出局，一出局，打者上一壘，一三壘有人。,零出局,楊岱均,夾殺,兄弟(1) VS (1)桃猿
楊岱均,NA,陳俊秀,PR,2,/,6下, 桃猿更換一壘代跑:余德龍,一出局,/,/,兄弟(1) VS (1)桃猿
余德龍,NA,陳俊秀,C,2,第八棒,6下,4.第八棒C廖健富:右外野方向一壘安打，帶有一分打點，RF接球後回傳給SS，SS傳一壘發生失誤，讓打者上二壘，原壘包上跑者再回到本壘得分。,一出局,廖健富,一壘安打-失誤,兄弟(1) VS (1)桃猿
NA,廖健富,NA,RF,2,第九棒,6下,5.第九棒RF鍾承祐:內野飛球被2B接殺，二出局。,一出局,鍾承祐,接殺,兄弟(1) VS (3)桃猿
NA,NA,NA,CF,2,第一棒,6下,6.第一棒SS林立:中外野方向一壘安打，帶有一分打點。,二出局,林立,一壘安打,兄弟(1) VS (3)桃猿
林立,NA,NA,2B,2,第二棒,6下,7.第二棒3B林智平:二壘方向滾地球，2B接球後傳一壘刺殺打者，三出局。,二出局,林智平,刺殺,兄弟(1) VS (4)桃猿
NA,NA,NA,1B,2,第七棒,7上,1.第七棒1B彭政閔:右外野方向一壘安打。,零出局,彭政閔,一壘安打,兄弟(1) VS (4)桃猿
彭政閔,NA,NA,C,2,第八棒,7上,2.第八棒C吳明鴻:左外野方向飛球被接殺，一出局，跑者仍佔一壘。,零出局,吳明鴻,接殺,兄弟(1) VS (4)桃猿
彭政閔,NA,NA,2B,2,第九棒,7上,3.第九棒2B王勝偉:一壘方向滾地球，1B接球後傳給補位投手刺殺打者，二出局，跑者上二壘。,一出局,王勝偉,刺殺,兄弟(1) VS (4)桃猿
NA,彭政閔,NA,3B,2,第一棒,7上,4.第一棒3B王威晨:一壘方向滾地球，1B接球後自踩壘包刺殺打者，三出局。,二出局,王威晨,刺殺,兄弟(1) VS (4)桃猿
NA,NA,NA,CF,2,第三棒,7下,1.第三棒CF王柏融:二壘方向滾地球，2B接球後傳一壘刺殺打者，一出局。,零出局,王柏融,刺殺,兄弟(1) VS (4)桃猿
NA,NA,NA,DH,2,第四棒,7下,2.第四棒DH林泓育:三壘方向滾地球，3B接球後傳一壘刺殺打者，二出局。,一出局,林泓育,刺殺,兄弟(1) VS (4)桃猿
NA,NA,NA,1B,2,第五棒,7下,3.第五棒1B陳俊秀:內野飛球，C接球失誤，打者上一壘。,二出局,陳俊秀,失誤,兄弟(1) VS (4)桃猿
陳俊秀,NA,NA,2B,2,第六棒,7下,4.第六棒2B郭嚴文:內野飛球被3B接殺，三出局。,二出局,郭嚴文,接殺,兄弟(1) VS (4)桃猿
NA,NA,NA,SS,2,第二棒,8上,1.第二棒SS吳東融:右外野方向飛球被接殺，一出局。,零出局,吳東融,接殺,兄弟(1) VS (4)桃猿
NA,NA,NA,LF,2,第三棒,8上,2.第三棒LF周思齊:左外野方向一壘安打。,一出局,周思齊,一壘安打,兄弟(1) VS (4)桃猿
周思齊,NA,NA,CF,2,第四棒,8上,3.第四棒CF張志豪:一壘方向滾地球，1B接球後自踩壘包刺殺打者，跑者上二壘，二出局。,一出局,張志豪,刺殺,兄弟(1) VS (4)桃猿
NA,周思齊,NA,RF,2,第五棒,8上,4.第五棒RF詹子賢:三振，三出局。,二出局,詹子賢,三振,兄弟(1) VS (4)桃猿
NA,NA,NA,LF,2,第七棒,8下,1.第七棒LF余德龍:右外野方向飛球被接殺，一出局。,零出局,余德龍,接殺,兄弟(1) VS (4)桃猿
NA,NA,NA,C,2,第八棒,8下,2.第八棒C廖健富:三振，二出局。,一出局,廖健富,三振,兄弟(1) VS (4)桃猿
NA,NA,NA,PH,2,第九棒,8下,3.第九棒代打藍寅倫:左外野方向二壘安打。,二出局,藍寅倫,二壘安打,兄弟(1) VS (4)桃猿
NA,藍寅倫,NA,SS,2,第一棒,8下,4.第一棒SS林立:右外野方向三壘安打，帶有一分打點。,二出局,林立,三壘安打,兄弟(1) VS (4)桃猿
NA,NA,林立,3B,2,第二棒,8下,5.第二棒3B林智平:游擊方向滾地球，SS接球後傳一壘刺殺打者，三出局。,二出局,林智平,刺殺,兄弟(1) VS (5)桃猿
NA,NA,NA,DH,2,第六棒,9上,1.第六棒DH陳子豪:二壘方向滾地球，2B接球後傳一壘刺殺打者，一出局。,零出局,陳子豪,刺殺封殺,兄弟(1) VS (5)桃猿
NA,NA,NA,1B,2,第七棒,9上,2.第七棒1B彭政閔:右外野方向一壘安打。,一出局,彭政閔,一壘安打,兄弟(1) VS (5)桃猿
彭政閔,NA,NA,PR,2,/,9上, 兄弟更換一壘代跑:曾陶鎔,一出局,/,/,兄弟(1) VS (5)桃猿
曾陶鎔,NA,NA,PH,2,第八棒,9上,3.第八棒代打林書逸:二壘方向滾地球，2B接球後傳給補位SS封殺跑者，二出局，打者上一壘。,一出局,林書逸,封殺,兄弟(1) VS (5)桃猿
林書逸,NA,NA,2B,2,第九棒,9上,4.第九棒2B王勝偉:內野飛球被3B接殺，三出局。,二出局,王勝偉,接殺,兄弟(1) VS (5)桃猿
NA,NA,NA,RF,3,第一棒,1上,1.第一棒RF張正偉:左外野平飛球遭到美技撲接，一出局,零出局,張正偉,接殺,悍將(0) VS (0)統一
NA,NA,NA,DH,3,第二棒,1上,2.第二棒DH胡金龍:三振，二出局,一出局,胡金龍,三振,悍將(0) VS (0)統一
NA,NA,NA,LF,3,第三棒,1上,3.第三棒LF高國輝:三振，三出局,二出局,高國輝,三振,悍將(0) VS (0)統一
NA,NA,NA,CF,3,第一棒,1下,1.第一棒CF羅國龍:左外野飛球遭到接殺，一出局,零出局,羅國龍,接殺,悍將(0) VS (0)統一
NA,NA,NA,2B,3,第二棒,1下,2.第二棒2B吳桀睿:游擊滾地球遭到刺殺，二出局,一出局,吳桀睿,刺殺,悍將(0) VS (0)統一
NA,NA,NA,DH,3,第三棒,1下,3.第三棒DH潘武雄:中外野深遠飛球在牆前遭到接殺，三出局,二出局,潘武雄,接殺,悍將(0) VS (0)統一
NA,NA,NA,1B,3,第四棒,2上,1.第四棒1B林益全:中外野飛球遭到接殺，一出局,零出局,林益全,接殺,悍將(0) VS (0)統一
NA,NA,NA,CF,3,第五棒,2上,2.第五棒CF林哲瑄:三振，二出局,一出局,林哲瑄,三振,悍將(0) VS (0)統一
NA,NA,NA,3B,3,第六棒,2上,3.第六棒3B蔣智賢:三振，三出局,二出局,蔣智賢,三振,悍將(0) VS (0)統一
NA,NA,NA,LF,3,第四棒,2下,1.第四棒LF蘇智傑:內野高飛球遭到C接殺，一出局,零出局,蘇智傑,接殺,悍將(0) VS (0)統一
NA,NA,NA,3B,3,第五棒,2下,2.第五棒3B陳鏞基:右外野方向陽春全壘打,一出局,陳鏞基,全壘打,悍將(0) VS (0)統一
NA,NA,NA,1B,3,第六棒,2下,3.第六棒1B高國慶:中外野高飛球遭到接殺，二出局,一出局,高國慶,接殺,悍將(0) VS (1)統一
NA,NA,NA,RF,3,第七棒,2下,4.第七棒RF唐肇廷:右外野平飛球形成一壘安打,二出局,唐肇廷,一壘安打,悍將(0) VS (1)統一
唐肇廷,NA,NA,C,3,第八棒,2下,5.第八棒C高志綱:二壘滾地球遭到刺殺，三出局,二出局,高志綱,刺殺,悍將(0) VS (1)統一
NA,NA,NA,2B,3,第七棒,3上,1.第七棒2B陳品捷:二壘滾地球遭到刺殺，一出局,零出局,陳品捷,刺殺,悍將(0) VS (1)統一
NA,NA,NA,C,3,第八棒,3上,2.第八棒C方克偉:投手前反彈球遭到刺殺，二出局,一出局,方克偉,刺殺,悍將(0) VS (1)統一
NA,NA,NA,SS,3,第九棒,3上,3.第九棒SS李宗賢:一壘界外高飛球遭到接殺，三出局,二出局,李宗賢,接殺,悍將(0) VS (1)統一
NA,NA,NA,SS,3,第九棒,3下,1.第九棒SS黃恩賜:三振，一出局,零出局,黃恩賜,三振,悍將(0) VS (1)統一
NA,NA,NA,CF,3,第一棒,3下,2.第一棒CF羅國龍:三振，二出局,一出局,羅國龍,三振,悍將(0) VS (1)統一
NA,NA,NA,2B,3,第二棒,3下,3.第二棒2B吳桀睿:三振，三出局,二出局,吳桀睿,三振,悍將(0) VS (1)統一
NA,NA,NA,RF,3,第一棒,4上,1.第一棒RF張正偉:左外野高飛球遭到接殺，一出局,零出局,張正偉,接殺,悍將(0) VS (1)統一
NA,NA,NA,DH,3,第二棒,4上,2.第二棒DH胡金龍:中外野飛球遭2B後退接殺，二出局,一出局,胡金龍,接殺,悍將(0) VS (1)統一
NA,NA,NA,LF,3,第三棒,4上,3.第三棒LF高國輝:右外野高飛球在牆前遭到接殺，三出局,二出局,高國輝,接殺,悍將(0) VS (1)統一
NA,NA,NA,DH,3,第三棒,4下,1.第三棒DH潘武雄:游擊滾地球遭到刺殺，一出局,零出局,潘武雄,刺殺,悍將(0) VS (1)統一
NA,NA,NA,LF,3,第四棒,4下,2.第四棒LF蘇智傑:內野滾地球投手下丘傳一壘刺殺，二出局,一出局,蘇智傑,刺殺,悍將(0) VS (1)統一
NA,NA,NA,3B,3,第五棒,4下,3.第五棒3B陳鏞基:右外野方向陽春全壘打,二出局,陳鏞基,全壘打,悍將(0) VS (1)統一
NA,NA,NA,1B,3,第六棒,4下,4.第六棒1B高國慶:三振，三出局,二出局,高國慶,三振,悍將(0) VS (2)統一
NA,NA,NA,1B,3,第四棒,5上,1.第四棒1B林益全:左外野陽春全壘打,零出局,林益全,全壘打,悍將(0) VS (2)統一
NA,NA,NA,CF,3,第五棒,5上,2.第五棒CF林哲瑄:中外野飛球遭到接殺，一出局,零出局,林哲瑄,接殺,悍將(1) VS (2)統一
NA,NA,NA,3B,3,第六棒,5上,3.第六棒3B蔣智賢:內野上空高飛球遭到3B接殺，二出局,一出局,蔣智賢,接殺,悍將(1) VS (2)統一
NA,NA,NA,2B,3,第七棒,5上,4.第七棒2B陳品捷:左外野飛球遭到接殺，三出局,二出局,陳品捷,接殺,悍將(1) VS (2)統一
NA,NA,NA,RF,3,第七棒,5下,1.第七棒RF唐肇廷:三振，一出局,零出局,唐肇廷,三振,悍將(1) VS (2)統一
NA,NA,NA,C,3,第八棒,5下,2.第八棒C高志綱:右外野方向平飛一壘安打,一出局,高志綱,一壘安打,悍將(1) VS (2)統一
高志綱,NA,NA,SS,3,第九棒,5下,3.第九棒SS黃恩賜:右外野方向小飛球落點巧妙形成安打，一三壘有人,一出局,黃恩賜,一壘安打,悍將(1) VS (2)統一
黃恩賜,NA,高志綱,CF,3,第一棒,5下,4.第一棒CF羅國龍:游擊滾地球形成雙殺(6-4-3)，三出局,一出局,羅國龍,雙殺,悍將(1) VS (2)統一
NA,NA,NA,C,3,第八棒,6上,1.第八棒C方克偉:三壘強勁反彈球遭到刺殺，一出局,零出局,方克偉,刺殺,悍將(1) VS (2)統一
NA,NA,NA,SS,3,第九棒,6上,2.第九棒SS李宗賢:一壘線邊高飛球遭到接殺，二出局,一出局,李宗賢,接殺,悍將(1) VS (2)統一
NA,NA,NA,RF,3,第一棒,6上,3.第一棒RF張正偉:右外野高飛球遭到美技接殺，三出局,二出局,張正偉,接殺,悍將(1) VS (2)統一
NA,NA,NA,2B,3,第二棒,6下,1.第二棒2B吳桀睿:中外野方向陽春全壘打,零出局,吳桀睿,全壘打,悍將(1) VS (2)統一
NA,NA,NA,DH,3,第三棒,6下,2.第三棒DH潘武雄:三振，一出局,零出局,潘武雄,三振,悍將(1) VS (3)統一
NA,NA,NA,LF,3,第四棒,6下,3.第四棒LF蘇智傑:左中外野方向平飛球落地形成二壘安打,一出局,蘇智傑,二壘安打,悍將(1) VS (3)統一
NA,蘇智傑,NA,3B,3,第五棒,6下,4.第五棒3B陳鏞基:故意四壞球保送，一二壘有人,一出局,陳鏞基,保送,悍將(1) VS (3)統一
陳鏞基,蘇智傑,NA,1B,3,第六棒,6下,5.第六棒1B高國慶:三振，二出局,一出局,高國慶,三振,悍將(1) VS (3)統一
陳鏞基,蘇智傑,NA,RF,3,第七棒,6下,6.第七棒RF唐肇廷:左外野高飛球遭到接殺，三出局,二出局,唐肇廷,接殺,悍將(1) VS (3)統一
NA,NA,NA,DH,3,第二棒,7上,1.第二棒DH胡金龍:二壘滾地球遭到刺殺，一出局,零出局,胡金龍,刺殺,悍將(1) VS (3)統一
NA,NA,NA,LF,3,第三棒,7上,2.第三棒LF高國輝:一壘線邊高飛球遭到2B橫移接殺，二出局,一出局,高國輝,接殺,悍將(1) VS (3)統一
NA,NA,NA,1B,3,第四棒,7上,3.第四棒1B林益全:三振，三出局,二出局,林益全,三振,悍將(1) VS (3)統一
NA,NA,NA,C,3,第八棒,7下,1.第八棒C高志綱:中外野高飛球遭到接殺，一出局,零出局,高志綱,接殺,悍將(1) VS (3)統一
NA,NA,NA,SS,3,第九棒,7下,2.第九棒SS黃恩賜:三振，二出局,一出局,黃恩賜,三振,悍將(1) VS (3)統一
NA,NA,NA,CF,3,第一棒,7下,3.第一棒CF羅國龍:游擊滾地球遭到刺殺，三出局,二出局,羅國龍,刺殺,悍將(1) VS (3)統一
NA,NA,NA,,3,第五棒,8上,1.第五棒CF林哲瑄:觸身球保送上壘(原界外球經電視重播輔助判決改判),零出局,林哲瑄,觸身,悍將(1) VS (3)統一
林哲瑄,NA,NA,3B,3,第六棒,8上,2.第六棒3B蔣智賢:左外野界外飛球遭到美技接殺，一出局　,零出局,蔣智賢,接殺,悍將(1) VS (3)統一
林哲瑄,NA,NA,2B,3,第七棒,8上,3.第七棒2B陳品捷:三振，二出局,一出局,陳品捷,三振,悍將(1) VS (3)統一
林哲瑄,NA,NA,PH,3,第八棒,8上,4.第八棒PH高國麟:界外飛球遭到C接殺，三出局,二出局,高國麟,接殺,悍將(1) VS (3)統一
NA,NA,NA,2B,3,第二棒,8下,1.第二棒2B吳桀睿:中外有深遠飛球遭到接殺，一出局,零出局,吳桀睿,接殺,悍將(1) VS (3)統一
NA,NA,NA,DH,3,第三棒,8下,2.第三棒DH潘武雄:三振，二出局,一出局,潘武雄,三振,悍將(1) VS (3)統一
NA,NA,NA,LF,3,第四棒,8下,3.第四棒LF蘇智傑:正好飛越2B上空的平飛安打上到一壘,二出局,蘇智傑,平飛安打,悍將(1) VS (3)統一
蘇智傑,NA,NA,3B,3,第五棒,8下,4.第五棒3B陳鏞基:中外野高飛球遭到接殺，三出局,二出局,陳鏞基,接殺,悍將(1) VS (3)統一
NA,NA,NA,PH,3,第九棒,9上,1.第九棒PH高孝儀:一壘滾地球遭到自踩壘包刺殺，一出局,零出局,高孝儀,刺殺,悍將(1) VS (3)統一
NA,NA,NA,PH,3,第一棒,9上,2.第一棒PH林威廷:右外野高飛球遭接殺，二出局,一出局,林威廷,接殺,悍將(1) VS (3)統一
NA,NA,NA,DH,3,第二棒,9上,3.第二棒DH胡金龍:二壘反彈球造成野手失誤上到一壘,二出局,胡金龍,失誤,悍將(1) VS (3)統一
胡金龍,NA,NA,LF,3,第三棒,9上,4.第三棒LF高國輝:四壞球保送，一二壘有人,二出局,高國輝,保送,悍將(1) VS (3)統一
高國輝,胡金龍,NA,1B,3,第四棒,9上,5.第四棒1B林益全:三壘平飛球遭到美技撲接，三出局，比賽結束,二出局,林益全,接殺,悍將(1) VS (3)統一
NA,NA,NA,LF,4,第一棒,1上,1.第一棒LF藍寅倫:左外野方向飛球遭到接殺，一出局。,零出局,藍寅倫,接殺,桃猿(0) VS (0)富邦
NA,NA,NA,3B,4,第二棒,1上,2.第二棒3B林立:三振，二出局。,一出局,林立,三振,桃猿(0) VS (0)富邦
NA,NA,NA,CF,4,第三棒,1上,3.第三棒CF王柏融:一壘方向滾地球，1B拋給補位投手發生失誤，一壘有人。,二出局,王柏融,失誤,桃猿(0) VS (0)富邦
王柏融,NA,NA,DH,4,第四棒,1上,4.第四棒DH林泓育:中外野方向飛球遭到接殺，三出局。,二出局,林泓育,接殺,桃猿(0) VS (0)富邦
NA,NA,NA,2B,4,第一棒,1下,1.第一棒2B陳品捷:三振，一出局。,零出局,陳品捷,三振,桃猿(0) VS (0)富邦
NA,NA,NA,DH胡,4,第二棒,1下,2.第二棒DH胡金龍:二壘方向滾地球遭到刺殺，二出局。,一出局,胡金龍,刺殺,桃猿(0) VS (0)富邦
NA,NA,NA,1B,4,第三棒,1下,3.第三棒1B林益全:三振，三出局。,二出局,林益全,三振,桃猿(0) VS (0)富邦
NA,NA,NA,2B,4,第五棒,2上,1.第五棒2B郭嚴文:游擊方向滾地球遭到刺殺，一出局。,零出局,郭嚴文,刺殺,桃猿(0) VS (0)富邦
NA,NA,NA,1B,4,第六棒,2上,2.第六棒1B朱育賢:一、二壘間穿越安打，一壘有人。,一出局,朱育賢,一壘安打,桃猿(0) VS (0)富邦
朱育賢,NA,NA,C,4,第七棒,2上,3.第七棒C廖健富:二、游方向穿越安打，一二壘有人。,一出局,廖健富,一壘安打,桃猿(0) VS (0)富邦
廖健富,朱育賢,NA,RF,4,第八棒,2上,4.第八棒RF詹智堯:右外野方向落地安打，滿壘。,一出局,詹智堯,一壘安打,桃猿(0) VS (0)富邦
詹智堯,廖健富,朱育賢,SS,4,第九棒,2上,5.第九棒SS林承飛:中外野方向高飛犧牲打，帶有一分打點，二出局，一三壘有人。,一出局,林承飛,高飛犧牲打,桃猿(0) VS (0)富邦
詹智堯,NA,廖健富,LF,4,第一棒,2上,6.第一棒LF藍寅倫:一壘方向穿越安打，帶有一分打點，RF回傳發生失誤，二三壘有人。,二出局,藍寅倫,一壘安打-失誤,桃猿(1) VS (0)富邦
NA,藍寅倫,詹智堯,3B,4,第二棒,2上,7.第二棒3B林立:三振，三出局。,二出局,林立,三振,桃猿(2) VS (0)富邦
NA,NA,NA,LF,4,第四棒,2下,1.第四棒LF高國輝:右外野方向深遠二壘安打，二壘有人。,零出局,高國輝,二壘安打,桃猿(2) VS (0)富邦
NA,高國輝,NA,RF,4,第五棒,2下,2.第五棒RF張正偉:一壘方向滾地球，1B自踩壘包，跑者上到三壘，一出局。,零出局,張正偉,封殺,桃猿(2) VS (0)富邦
NA,NA,高國輝,3B,4,第六棒,2下,3.第六棒3B蔣智賢:三振，二出局。,一出局,蔣智賢,三振,桃猿(2) VS (0)富邦
NA,NA,高國輝,CF,4,第七棒,2下,4.第七棒CF林哲瑄:中外野方向飛球遭到接殺，三出局。,二出局,林哲瑄,接殺,桃猿(2) VS (0)富邦
NA,NA,NA,CF,4,第三棒,3上,1.第三棒CF王柏融:右外野方向落地安打，一壘有人。,零出局,王柏融,一壘安打,桃猿(2) VS (0)富邦
王柏融,NA,NA,DH,4,第四棒,3上,2.第四棒DH林泓育:二壘方向滾地球形成雙殺，二出局。,零出局,林泓育,雙殺,桃猿(2) VS (0)富邦
NA,NA,NA,2B,4,第五棒,3上,3.第五棒2B郭嚴文:二游間穿越安打，一壘有人。,二出局,郭嚴文,一壘安打,桃猿(2) VS (0)富邦
郭嚴文,NA,NA,1B,4,第六棒,3上,4.第六棒1B朱育賢:二壘方向滾地球遭到刺殺，三出局。,二出局,朱育賢,刺殺,桃猿(2) VS (0)富邦
NA,NA,NA,C,4,第八棒,3下,1.第八棒C林宥穎:二壘方向滾地球遭到刺殺，一出局。,零出局,林宥穎,刺殺,桃猿(2) VS (0)富邦
NA,NA,NA,SS,4,第九棒,3下,2.第九棒SS李宗賢:二游間穿越安打，一壘有人。,一出局,李宗賢,一壘安打,桃猿(2) VS (0)富邦
李宗賢,NA,NA,2B,4,第一棒,3下,3.第一棒2B陳品捷:二壘方向穿越安打，一二壘有人。,一出局,陳品捷,一壘安打,桃猿(2) VS (0)富邦
陳品捷,李宗賢,NA,DH,4,第二棒,3下,4.第二棒DH胡金龍:投手方向穿越安打，帶有一分打點，一二壘有人。,一出局,胡金龍,一壘安打,桃猿(2) VS (0)富邦
胡金龍,陳品捷,NA,1B,4,第三棒,3下,5.第三棒1B林益全:獲得四壞球保送，滿壘。,一出局,林益全,保送,桃猿(2) VS (1)富邦
林益全,胡金龍,陳品捷,LF,4,第四棒,3下,6.第四棒LF高國輝:左外野方向高飛犧牲打，帶有一分打點，二三壘有人，二出局。,一出局,高國輝,高飛犧牲打,桃猿(2) VS (1)富邦
NA,林益全,胡金龍,RF,4,第五棒,3下,7.第五棒RF張正偉:右外野方向全壘打，帶有三分打點。,二出局,張正偉,全壘打,桃猿(2) VS (2)富邦
NA,NA,NA,3B,4,第六棒,3下,8.第六棒3B蔣智賢:右外野方向背靠背陽春全壘打，帶有一分打點。,二出局,蔣智賢,全壘打,桃猿(2) VS (5)富邦
NA,NA,NA,CF,4,第七棒,3下,9.第七棒CF林哲瑄:獲得四壞球保送，一壘有人。,二出局,林哲瑄,保送,桃猿(2) VS (6)富邦
林哲瑄,NA,NA,C,4,第八棒,3下,10.第八棒C林宥穎:一壘跑者盜壘成功，獲得四壞球保送，一二壘有人。,二出局,林宥穎,盜壘-保送,桃猿(2) VS (6)富邦
林宥穎,林哲瑄,NA,SS,4,第九棒,3下,1.第九棒SS李宗賢:三振，三出局。,二出局,李宗賢,三振,桃猿(2) VS (6)富邦
NA,NA,NA,C,4,第七棒,4上,1.第七棒C廖健富:左外野方向落地安打，一壘有人。,零出局,廖健富,一壘安打,桃猿(2) VS (6)富邦
廖健富,NA,NA,RF,4,第八棒,4上,2.第八棒RF詹智堯:一壘方向滾地球，1B接球後傳二壘封殺跑者，打者安全上壘，一出局，一壘有人。,零出局,詹智堯,封殺,桃猿(2) VS (6)富邦
詹智堯,NA,NA,SS,4,第九棒,4上,3.第九棒SS林承飛:一壘方向穿越安打，一二壘有人。,一出局,林承飛,一壘安打,桃猿(2) VS (6)富邦
林承飛,詹智堯,NA,LF,4,第一棒,4上,4.第一棒LF藍寅倫:二壘方向滾地球造成雙殺，三出局。,二出局,藍寅倫,雙殺,桃猿(2) VS (6)富邦
NA,NA,NA,2B,4,第一棒,4下,1.第一棒2B陳品捷:右外野方向全壘打，帶有一分打點。,零出局,陳品捷,全壘打,桃猿(2) VS (6)富邦
NA,NA,NA,DH,4,第二棒,4下,2.第二棒DH胡金龍:三振，一出局。,零出局,胡金龍,三振,桃猿(2) VS (7)富邦
NA,NA,NA,1B,4,第三棒,4下,3.第三棒1B林益全:二壘方向滾地球遭到刺殺，二出局。,一出局,林益全,刺殺,桃猿(2) VS (7)富邦
NA,NA,NA,LF,4,第四棒,4下,4.第四棒LF高國輝:三壘方向滾地球，3B接球失誤，一壘有人。,二出局,高國輝,失誤,桃猿(2) VS (7)富邦
高國輝,NA,NA,/,4,/,4下, C捕逸，跑者上到二壘。桃猿更換C:劉時豪,二出局,/,捕逸,桃猿(2) VS (7)富邦
NA,高國輝,NA,RF,4,第五棒,4下,5.第五棒RF張正偉:游擊方向滾地球遭到刺殺，三出局。,二出局,張正偉,刺殺,桃猿(2) VS (7)富邦
NA,NA,NA,3B,4,第二棒,5上,1.第二棒3B林立:三壘方向滾地安打，一壘有人。,零出局,林立,一壘安打,桃猿(2) VS (7)富邦
林立,NA,NA,CF,4,第三棒,5上,2.第三棒CF王柏融:投手方向穿越安打，一二壘有人。,零出局,王柏融,穿越安打穿越安打,桃猿(2) VS (7)富邦
王柏融,林立,NA,DH,4,第四棒,5上,3.第四棒DH林泓育:三壘方向滾地球造成雙殺，二出局，三壘有人。,零出局,林泓育,雙殺,桃猿(2) VS (7)富邦
NA,NA,林立,2B,4,第五棒,5上,4.第五棒2B郭嚴文:右外野方向深遠二壘安打，帶有一分打點，二壘有人。,二出局,郭嚴文,二壘安打,桃猿(2) VS (7)富邦
NA,郭嚴文,NA,1B,4,第六棒,5上,5.第六棒1B朱育賢:二壘上空飛球遭到接殺，三出局。,二出局,朱育賢,接殺,桃猿(3) VS (7)富邦
NA,NA,NA,3B蔣,4,第六棒,5下,1.第六棒3B蔣智賢:游擊方向滾地球遭到刺殺，一出局。,零出局,蔣智賢,刺殺,桃猿(3) VS (7)富邦
NA,NA,NA,CF,4,第七棒,5下,2.第七棒CF林哲瑄:三振，二出局。,一出局,林哲瑄,三振,桃猿(3) VS (7)富邦
NA,NA,NA,C,4,第八棒,5下,3.第八棒C林宥穎:三壘方向緩慢滾地球形成安打，一壘有人。,二出局,林宥穎,一壘安打,桃猿(3) VS (7)富邦
林宥穎,NA,NA,SS,4,第九棒,5下,4.第九棒SS李宗賢:中外野方向飛球遭到接殺，三出局。,二出局,李宗賢,接殺,桃猿(3) VS (7)富邦
NA,NA,NA,/,4,第七棒,6上,1.第七棒C劉時豪:三壘方向車布邊安打，二壘有人。,零出局,劉時豪,二壘安打,桃猿(3) VS (7)富邦
NA,劉時豪,NA,2B,4,第八棒,6上,2.第八棒RF詹智堯:二壘方向滾地球遭到刺殺，一出局，跑者上到三壘。,零出局,詹智堯,刺殺,桃猿(3) VS (7)富邦
NA,NA,劉時豪,/,4,第九棒,6上,3.第九棒SS林承飛:投手方向穿越安打，帶有一分打點，一壘有人。,一出局,林承飛,一壘安打,桃猿(3) VS (7)富邦
林承飛,NA,NA,SS,4,第一棒,6上,4.第一棒PH陳俊秀:游擊方向滾地球形成雙殺，三出局。,一出局,陳俊秀,雙殺,桃猿(4) VS (7)富邦
NA,NA,NA,2B,4,第一棒,6下,1.第一棒2B陳品捷:二壘方向穿越安打，一壘有人。,零出局,陳品捷,一壘安打,桃猿(4) VS (7)富邦
陳品捷,NA,NA,DH,4,第二棒,6下,2.第二棒DH胡金龍:飛越游擊上空形成安打，帶有一分打點，二壘有人。,零出局,胡金龍,二壘安打,桃猿(4) VS (7)富邦
NA,胡金龍,NA,1B,4,第三棒,6下,3.第三棒1B林益全:右外野方向平飛安打，一三壘有人。,零出局,林益全,平飛安打,桃猿(4) VS (8)富邦
林益全,NA,胡金龍,LF,4,第四棒,6下,4.第四棒LF高國輝:游擊方向滾地安打，帶有一分打點，一二壘有人。,零出局,高國輝,一壘安打,桃猿(4) VS (8)富邦
高國輝,林益全,NA,RF,4,第五棒,6下,5.第五棒RF張正偉:中外野方向飛球遭到接殺，一出局，二壘跑者趁傳上到三壘，一三壘有人。,零出局,張正偉,接殺,桃猿(4) VS (9)富邦
高國輝,NA,林益全,3B,4,第六棒,6下,6.第六棒3B蔣智賢:一壘方向平飛安打，帶有一分打點，一三壘有人。,一出局,蔣智賢,一壘安打,桃猿(4) VS (9)富邦
蔣智賢,NA,高國輝,CF,4,第七棒,6下,7.第七棒CF林哲瑄:獲得四壞球保送，滿壘。,一出局,林哲瑄,保送,桃猿(4) VS (10)富
林哲瑄,蔣智賢,高國輝,C,4,第八棒,6下,8.第八棒C林宥穎:左外野方向飛球遭到接殺，二出局。,一出局,林宥穎,接殺,桃猿(4) VS (10)富
林哲瑄,蔣智賢,高國輝,SS,4,第九棒,6下,9.第九棒SS李宗賢:三振，三出局。,二出局,李宗賢,三振,桃猿(4) VS (10)富
NA,NA,NA,3B,4,第二棒,7上,1.第二棒3B林立:內野上空飛球遭到接殺，一出局。,零出局,林立,接殺,桃猿(4) VS (10)富
NA,NA,NA,CF,4,第三棒,7上,2.第三棒CF王柏融:內野上空飛球遭到接殺，二出局。,一出局,王柏融,接殺,桃猿(4) VS (10)富
NA,NA,NA,DH,4,第四棒,7上,3.第四棒DH林泓育:左外野方向落地安打，一壘有人。,二出局,林泓育,一壘安打,桃猿(4) VS (10)富
林泓育,NA,NA,2B,4,第五棒,7上,4.第五棒2B郭嚴文:右外野方向飛球遭到接殺，三出局。,二出局,郭嚴文,接殺,桃猿(4) VS (10)富
NA,NA,NA,2B,4,第一棒,7下,1.第一棒2B陳品捷:二壘後方飛球遭到接殺，一出局。,零出局,陳品捷,接殺,桃猿(4) VS (10)富
NA,NA,NA,DH,4,第二棒,7下,2.第二棒DH胡金龍:右外野方向直擊全壘打牆深遠安打，二壘有人。,一出局,胡金龍,二壘安打,桃猿(4) VS (10)富
NA,胡金龍,NA,1B,4,第三棒,7下,3.第三棒1B林益全:觸身球保送，一二壘有人。富邦悍將更換代跑:高國麟。,一出局,林益全,觸身,桃猿(4) VS (10)富
林益全,胡金龍,NA,LF,4,第四棒,7下,4.第四棒LF高國輝:獲得四壞球保送，滿壘。,一出局,高國輝,保送,桃猿(4) VS (10)富
高國輝,林益全,胡金龍,RF,4,第五棒,7下,5.第五棒RF張正偉:一壘方向強勁滾地球，1B接球後傳二壘封殺跑者，打者安全上壘，三壘跑者回來得分，帶有一分打點，一出局，一三壘有人。,一出局,張正偉,封殺,桃猿(4) VS (10)富
張正偉,NA,林益全,/,4,/,7下, 投手暴投，三壘跑者回來得分，二壘有人，,一出局,/,投手暴投,桃猿(4) VS (11)富
NA,張正偉,NA,3B,4,第六棒,7下,6.第六棒3B蔣智賢:左外野方向飛球遭到美技撲接，三出局。,一出局,蔣智賢,雙殺,桃猿(4) VS (12)富
NA,NA,NA,LF,4,第六棒,8上,1.第六棒LF朱育賢:左外野方向安打，二壘有人。,零出局,朱育賢,二壘安打,桃猿(4) VS (12)富
NA,朱育賢,NA,C,4,第七棒,8上,2.第七棒C劉時豪:二壘方向滾地球遭到刺殺，一出局，三壘有人。,零出局,劉時豪,刺殺,桃猿(4) VS (12)富
NA,NA,朱育賢,RF,4,第八棒,8上,3.第八棒RF詹智堯:二壘方向滾地球遭到刺殺，二出局，三壘跑者回來得分。,一出局,詹智堯,刺殺,桃猿(4) VS (12)富
NA,NA,NA,SS,4,第九棒,8上,4.第九棒SS林承飛:觸身球保送，一壘有人。,二出局,林承飛,觸身,桃猿(5) VS (12)富
林承飛,NA,NA,1B,4,第一棒,8上,5.第一棒1B陳俊秀:二壘方向滾地球，2B接球後自踩壘包，三出局。,二出局,陳俊秀,封殺,桃猿(5) VS (12)富
NA,NA,NA,CF,4,第七棒,8下,1.第七棒CF林哲瑄:右外野方向飛球遭到接殺，一出局。,零出局,林哲瑄,接殺,桃猿(5) VS (12)富
NA,NA,NA,C,4,第八棒,8下,2.第八棒C林宥穎:三振，二出局。,一出局,林宥穎,三振,桃猿(5) VS (12)富
NA,NA,NA,SS,4,第九棒,8下,3.第九棒SS李宗賢:中外野方向落地安打，一壘有人。,二出局,李宗賢,一壘安打,桃猿(5) VS (12)富
李宗賢,NA,NA,2B,4,第一棒,8下,4.第一棒2B陳品捷:內野上空飛球落地形成內野安打，一二壘有人。,二出局,陳品捷,內野安打,桃猿(5) VS (12)富
陳品捷,李宗賢,NA,PH,4,第二棒,8下,5.第二棒PH張建銘:三振，三出局。,二出局,張建銘,三振,桃猿(5) VS (12)富
NA,NA,NA,3B,4,第二棒,9上,1.第二棒3B林立:出棒過半，三振，一出局。,零出局,林立,三振,桃猿(5) VS (12)富
NA,NA,NA,CF,4,第三棒,9上,2.第三棒CF王柏融:中外野方向高飛球遭到接殺，二出局。,一出局,王柏融,接殺,桃猿(5) VS (12)富
NA,NA,NA,DH,4,第四棒,9上,3.第四棒DH林泓育:二壘上空飛球遭到接殺，三出局，比賽結束。,二出局,林泓育,接殺,桃猿(5) VS (12)富
NA,NA,NA,CF,5,第一棒,1上,1.第一棒CF，唐肇廷:揮棒落空，遭到三振，一出局。,零出局,唐肇廷,三振,統一(0) VS (0)兄弟
NA,NA,NA,2B，,5,第二棒,1上,2.第二棒2B，吳桀睿:左外野方向滾地一壘安打，一壘有人。,一出局,吳桀睿,一壘安打,統一(0) VS (0)兄弟
吳桀睿,NA,NA,DH,5,第三棒,1上,3.第三棒DH，潘武雄:投手正面滾地球，投手接球後傳二壘封殺一壘往二壘跑者，在傳一壘刺殺打者形成雙殺，三出局,一出局,潘武雄,雙殺,統一(0) VS (0)兄弟
NA,NA,NA,3B,5,第一棒,1下,1.第一棒3B，王威晨:三振，一出局。,零出局,王威晨,三振,統一(0) VS (0)兄弟
NA,NA,NA,SS,5,第二棒,1下,2.第二棒SS，吳東融:觸身球保送，一壘有人。,一出局,吳東融,觸身,統一(0) VS (0)兄弟
吳東融,NA,NA,LF,5,第三棒,1下,3.第三棒LF，周思齊:游擊方向滾地球，造成SS接球失誤，一二壘有人。,一出局,周思齊,失誤,統一(0) VS (0)兄弟
周思齊,吳東融,NA,CF,5,第四棒,1下,4.第四棒CF，張志豪:揮棒落空，遭到三振，二出局。,一出局,張志豪,三振,統一(0) VS (0)兄弟
周思齊,吳東融,NA,RF,5,第五棒,1下,5.第五棒RF，詹子賢:揮棒落空，遭到三振，三出局。,二出局,詹子賢,三振,統一(0) VS (0)兄弟
NA,NA,NA,LF,5,第四棒,2上,1.第四棒LF，蘇智傑:中間方向滾地球，形成一壘安打，一壘有人。,零出局,蘇智傑,一壘安打,統一(0) VS (0)兄弟
蘇智傑,NA,NA,3B,5,第五棒,2上,2.第五棒3B，陳鏞基:左外野方向滾地球，形成一壘安打，一二壘有人。,零出局,陳鏞基,一壘安打,統一(0) VS (0)兄弟
陳鏞基,蘇智傑,NA,RF,5,第六棒,2上,3.第六棒RF，劉芙豪:一壘方向滾地球，1B接球後傳二壘封殺一壘往二壘的跑者，二壘跑者上三壘，一三壘有人，一出局。,零出局,劉芙豪,封殺,統一(0) VS (0)兄弟
劉芙豪,NA,蘇智傑,1B,5,第七棒,2上,4.第七棒1B，高國慶:三壘方向滾地球，3B接球後傳二壘封殺一壘往二壘跑者，在傳一壘刺殺打者形成雙殺，三出局。,一出局,高國慶,雙殺,統一(0) VS (0)兄弟
NA,NA,NA,DH,5,第六棒,2下,1.第六棒DH，陳子豪:二壘方向滾地球，2B接球後傳一壘刺殺打者，一出局。,零出局,陳子豪,刺殺,統一(0) VS (0)兄弟
NA,NA,NA,1B,5,第七棒,2下,2.第七棒1B，彭政閔:一壘方向平飛球，遭到接殺，二出局。,一出局,彭政閔,接殺,統一(0) VS (0)兄弟
NA,NA,NA,C,5,第八棒,2下,3.第八棒C，王峻杰:左外野方向滾地球，形成一壘安打，一壘有人。,二出局,王峻杰,一壘安打,統一(0) VS (0)兄弟
王峻杰,NA,NA,2B,5,第九棒,2下,4.第九棒2B，王勝偉:游擊方向平飛球遭到接殺，三出局。,二出局,王勝偉,接殺,統一(0) VS (0)兄弟
NA,NA,NA,C,5,第八棒,3上,1.第八棒C，高志綱:游擊方向滾地球，SS接球後傳一壘刺殺打者，一出局。,零出局,高志綱,刺殺,統一(0) VS (0)兄弟
NA,NA,NA,SS,5,第九棒,3上,2.第九棒SS，黃恩賜:左外野方向線邊滾地球形成二壘安打，二壘有人。,一出局,黃恩賜,二壘安打,統一(0) VS (0)兄弟
NA,黃恩賜,NA,CF,5,第一棒,3上,3.第一棒CF，唐肇廷:二壘方向滾地球，2B接球後傳一壘刺殺打者，二壘跑者上三壘，三壘有人，二出局。,一出局,唐肇廷,刺殺,統一(0) VS (0)兄弟
NA,NA,黃恩賜,/,5,/,3上, 投手暴投，三壘跑者回本壘得分,二出局,/,投手暴投,統一(0) VS (0)兄弟
NA,NA,NA,2B,5,第二棒,3上,4.第二棒2B，吳桀睿:中間方向滾地球形成一壘安打，一壘有人。,二出局,吳桀睿,一壘安打,統一(1) VS (0)兄弟
吳桀睿,NA,NA,/,5,/,3上, 一壘上跑者盜壘成功，二壘有人,二出局,/,盜壘,統一(1) VS (0)兄弟
NA,吳桀睿,NA,DH,5,第三棒,3上,5.第三棒DH，潘武雄:一壘方向滾地球，1B接球後傳給補位的投手刺殺打者，三出局。,二出局,潘武雄,刺殺,統一(1) VS (0)兄弟
NA,NA,NA,3B,5,第一棒,3下,1.第一棒3B，王威晨:C前內野滾地球，C接球後傳一壘刺殺打者，一出局。,零出局,王威晨,刺殺,統一(1) VS (0)兄弟
NA,NA,NA,SS,5,第二棒,3下,2.第二棒SS，吳東融:揮棒落空，遭到三振，二出局。,一出局,吳東融,三振,統一(1) VS (0)兄弟
NA,NA,NA,LF,5,第三棒,3下,3.第三棒LF，周思齊:中外野方向陽春全壘打，帶有一分打點。,二出局,周思齊,全壘打,統一(1) VS (0)兄弟
NA,NA,NA,CF,5,第四棒,3下,4.第四棒CF，張志豪:右外野方向滾地球形成一壘安打，一壘有人。,二出局,張志豪,一壘安打,統一(1) VS (1)兄弟
張志豪,NA,NA,RF,5,第五棒,3下,5.第五棒RF，詹子賢:二壘上空飛球遭到接殺，三出局。,二出局,詹子賢,接殺,統一(1) VS (1)兄弟
NA,NA,NA,LF,5,第四棒,4上,1.第四棒LF，蘇智傑:中外野方向滾地球，形成一壘安打，一壘有人。,零出局,蘇智傑,一壘安打,統一(1) VS (1)兄弟
蘇智傑,NA,NA,/,5,/,4上, 投手暴投，跑者上二壘，二壘有人,零出局,/,投手暴投,統一(1) VS (1)兄弟
NA,蘇智傑,NA,3B,5,第五棒,4上,2.第五棒3B，陳鏞基:揮棒落空，遭到三振，一出局。,零出局,陳鏞基,三振,統一(1) VS (1)兄弟
NA,蘇智傑,NA,RF，,5,第六棒,4上,3.第六棒RF，劉芙豪:四壞球保送，一二壘有人。,一出局,劉芙豪,保送,統一(1) VS (1)兄弟
劉芙豪,蘇智傑,NA,1B,5,第七棒,4上,4.第七棒1B，高國慶:二壘上空飛球，遭到接殺，二出局。,一出局,高國慶,接殺,統一(1) VS (1)兄弟
劉芙豪,蘇智傑,NA,C,5,第八棒,4上,5.第八棒C，高志綱:游擊方向滾地球，SS接球後傳二壘封殺一壘往二壘跑者，三出局。,二出局,高志綱,封殺,統一(1) VS (1)兄弟
NA,NA,NA,DH,5,第六棒,4下,1.第六棒DH，陳子豪:右外野方向飛球遭到接殺，一出局。,零出局,陳子豪,接殺,統一(1) VS (1)兄弟
NA,NA,NA,1B,5,第七棒,4下,2.第七棒1B，彭政閔:右外野方向飛球遭到接殺，二出局。,一出局,彭政閔,接殺,統一(1) VS (1)兄弟
NA,NA,NA,C,5,第八棒,4下,3.第八棒C，王峻杰:揮棒落空，遭到三振，三出局。,二出局,王峻杰,三振,統一(1) VS (1)兄弟
NA,NA,NA,SS,5,第九棒,5上,1.第九棒SS，黃恩賜:揮棒落空，遭到三振，一出局。,零出局,黃恩賜,三振,統一(1) VS (1)兄弟
NA,NA,NA,C,5,第一棒,5上,2.第一棒CF，唐肇廷:左外野方向飛球遭到接殺，二出局。,一出局,唐肇廷,接殺,統一(1) VS (1)兄弟
NA,NA,NA,2B,5,第二棒,5上,3.第二棒2B，吳桀睿:二壘方向滾地球，2B接球後傳一壘刺殺打者，三出局。,二出局,吳桀睿,刺殺,統一(1) VS (1)兄弟
NA,NA,NA,2B,5,第九棒,5下,1.第九棒2B，王勝偉:左外野方向深遠飛球形成二壘安打，二壘有人。,零出局,王勝偉,二壘安打,統一(1) VS (1)兄弟
NA,王勝偉,NA,3B,5,第一棒,5下,2.第一棒3B，王威晨:二壘方向滾地球，2B接球後傳一壘刺殺打者，二壘跑者上三壘，三壘有人，一出局。,零出局,王威晨,刺殺封殺,統一(1) VS (1)兄弟
NA,NA,王勝偉,SS,5,第二棒,5下,3.第二棒SS，吳東融:內野滾地球，2B接球後傳本壘觸殺三壘往本壘跑者，打者上一壘，一壘有人，二出局。,一出局,吳東融,觸殺本壘跑者,統一(1) VS (1)兄弟
吳東融,NA,NA,/,5,/,5下, 一壘跑者盜壘成功，投手暴投，跑者上三壘，三壘有人,二出局,/,盜壘-投手暴投,統一(1) VS (1)兄弟
NA,NA,吳東融,LF,5,第三棒,5下,4.第三棒LF，周思齊:四壞球保送，一三壘有人。,二出局,周思齊,保送,統一(1) VS (1)兄弟
周思齊,NA,吳東融,CF,5,第四棒,5下,5.第四棒CF，張志豪:揮棒落空，遭到三振，三出局。,二出局,張志豪,三振,統一(1) VS (1)兄弟
NA,NA,NA,DH,5,第三棒,6上,1.第三棒DH，潘武雄:右外野方向陽春全壘打，帶有一分打點。,零出局,潘武雄,全壘打,統一(1) VS (1)兄弟
NA,NA,NA,LF,5,第四棒,6上,2.第四棒LF，蘇智傑:游擊方向滾地球，SS接球後傳一壘刺殺打者，一出局。,零出局,蘇智傑,刺殺,統一(2) VS (1)兄弟
NA,NA,NA,3B,5,第五棒,6上,3.第五棒3B，陳鏞基:三振，二出局。,一出局,陳鏞基,三振,統一(2) VS (1)兄弟
NA,NA,NA,RF,5,第六棒,6上,4.第六棒RF，劉芙豪:揮棒落空，遭到三振，三出局。,二出局,劉芙豪,三振,統一(2) VS (1)兄弟
NA,NA,NA,RF,5,第五棒,6下,1.第五棒RF，詹子賢:揮棒落空，遭到三振，一出局。,零出局,詹子賢,三振,統一(2) VS (1)兄弟
NA,NA,NA,DH,5,第六棒,6下,2.第六棒DH，陳子豪:游擊方向滾地球，SS接球後傳一壘觸殺打者，二出局。,一出局,陳子豪,觸殺,統一(2) VS (1)兄弟
NA,NA,NA,1B,5,第七棒,6下,3.第七棒1B，彭政閔:三壘方向滾地球，3B接球後傳一壘刺殺打者，三出局。,二出局,彭政閔,刺殺,統一(2) VS (1)兄弟
NA,NA,NA,1B,5,第七棒,7上,1.第七棒1B，高國慶:游擊方向滾地球，SS接球失誤，打者上一壘，一壘有人。,零出局,高國慶,失誤,統一(2) VS (1)兄弟
高國慶,NA,NA,C,5,第八棒,7上,2.第八棒C，鄧志偉:左外野方向飛球遭到接殺，一出局。,零出局,鄧志偉,接殺,統一(2) VS (1)兄弟
高國慶,NA,NA,/,5,/,7上, 一壘上跑者盜壘失敗，二出局。,一出局,/,盜壘失敗,統一(2) VS (1)兄弟
NA,NA,NA,SS,5,第九棒,7上,3.第九棒SS，郭阜林:四壞球保送，一壘有人。,二出局,郭阜林,保送,統一(2) VS (1)兄弟
郭阜林,NA,NA,/,5,/,7上, 一壘上跑者盜壘成功，二壘有人,二出局,/,盜壘,統一(2) VS (1)兄弟
NA,郭阜林,NA,CF,5,第一棒,7上,4.第一棒CF，唐肇廷:揮棒落空，遭到三振，三出局。,二出局,唐肇廷,三振,統一(2) VS (1)兄弟
NA,NA,NA,C,5,第八棒,7下,1.第八棒C，蘇緯達:中外野方向滾地球形成一壘安打，一壘有人。,零出局,蘇緯達,一壘安打,統一(2) VS (1)兄弟
蘇緯達,NA,NA,2B,5,第九棒,7下,2.第九棒2B，王勝偉:左外野方向深遠飛球形成二壘安打，一壘跑者上三壘，二三壘有人。,零出局,王勝偉,二壘安打,統一(2) VS (1)兄弟
NA,王勝偉, 蘇緯達  ,3B,5,第一棒,7下,3.第一棒3B，王威晨:二壘方向滾地球，2B接球後傳一壘刺殺打者，一出局。,零出局,王威晨,刺殺,統一(2) VS (1)兄弟
NA,王勝偉,蘇緯達  ,PR,5,/,7下, 兄弟二壘更換代跑曾陶鎔,一出局,/,/,統一(2) VS (1)兄弟
NA,曾陶鎔,蘇緯達  ,SS,5,第二棒,7下,4.第二棒SS，林書逸:右外野方向線邊滾地球，形成三壘安打，帶有兩分打點，三壘有人。,一出局,林書逸,三壘安打,統一(2) VS (1)兄弟
NA,NA,林書逸,LF,5,第三棒,7下,5.第三棒LF，周思齊:右外野方向全壘打，帶有兩分打點。,一出局,周思齊,全壘打,統一(2) VS (3)兄弟
NA,NA,NA,CF,5,第四棒,7下,6.第四棒CF，張志豪:右外野方向陽春全壘打，帶有一分打點。,一出局,張志豪,全壘打,統一(2) VS (5)兄弟
NA,NA,NA,RF,5,第五棒,7下,7.第五棒RF，詹子賢:揮棒落空，遭到三振，二出局。,一出局,詹子賢,三振,統一(2) VS (6)兄弟
NA,NA,NA,DH,5,第六棒,7下,8.第六棒DH，陳子豪:中外野方向飛球遭到接殺，三出局。,二出局,陳子豪,接殺,統一(2) VS (6)兄弟
NA,NA,NA,2B,5,第二棒,8上,1.第二棒2B，吳桀睿:二壘方向滾地球，2B接球後傳一壘刺殺打者，一出局。,零出局,吳桀睿,刺殺,統一(2) VS (6)兄弟
NA,NA,NA,DH,5,第三棒,8上,2.第三棒DH，潘武雄:四壞球保送，一壘有人。,一出局,潘武雄,保送,統一(2) VS (6)兄弟
潘武雄,NA,NA,LF,5,第四棒,8上,3.第四棒LF，蘇智傑:揮棒落空，遭到三振，二出局。,一出局,蘇智傑,三振,統一(2) VS (6)兄弟
潘武雄,NA,NA,SS,5,第五棒,8上,4.第五棒SS，陳鏞基:左外野方向飛球形成失誤，一壘跑者回本壘得分，打者上三壘。,二出局,陳鏞基,失誤,統一(2) VS (6)兄弟
NA,NA,陳鏞基,RF,5,第六棒,8上,5.第六棒RF，劉芙豪:一壘上空飛球遭到接殺，三出局。,二出局,劉芙豪,接殺,統一(3) VS (6)兄弟
NA,NA,NA,1B,5,第七棒,8下,1.第七棒1B，彭政閔:右外野方向飛球遭到接殺，一出局。,零出局,彭政閔,接殺,統一(3) VS (6)兄弟
NA,NA,NA,3B,5,第八棒,8下,2.第八棒3B，蘇緯達:二壘方向滾地球，2B接球後傳一壘刺殺打者，二出局。,一出局,蘇緯達,刺殺,統一(3) VS (6)兄弟
NA,NA,NA,C,5,第九棒,8下,3.第九棒C，吳明鴻:右外野方向飛球遭到接殺，三出局。,二出局,吳明鴻,接殺,統一(3) VS (6)兄弟
NA,NA,NA,1B,5,第七棒,9上,1.第七棒1B，陳重廷:揮棒落空，遭到三振，一出局。,零出局,陳重廷,三振,統一(3) VS (6)兄弟
NA,NA,NA,C,5,第八棒,9上,2.第八棒C，林祐樂:右外野方向飛球遭到接殺，二出局。,一出局,林祐樂,接殺,統一(3) VS (6)兄弟
NA,NA,NA,3B,5,第九棒,9上,3.第九棒3B，郭阜林:右外野方向飛球遭到接殺，三出局。,二出局,郭阜林,接殺,統一(3) VS (6)兄弟
NA,NA,NA,3B,6,第一棒,1上,1.第一棒3B林立:獲得四壞球保送，一壘有人。,零出局,林立,保送,桃猿(0) VS (0)富邦
林立,NA,NA,SS,6,第二棒,1上,2.第二棒SS林承飛:一壘方向滾地球，一出局。,零出局,林承飛,刺殺,桃猿(0) VS (0)富邦
林立,NA,NA,CF,6,第三棒,1上,3.第三棒CF王柏融:二壘方向滾地球，二出局。,一出局,王柏融,刺殺,桃猿(0) VS (0)富邦
林立,NA,NA,DH,6,第四棒,1上,4.第四棒DH林泓育:三壘上空飛球接殺，三出局。,二出局,林泓育,接殺,桃猿(0) VS (0)富邦
NA,NA,NA,2B,6,第一棒,1下,1.第一棒2B陳品捷:二壘方向滾地球，一出局。,零出局,陳品捷,刺殺,桃猿(0) VS (0)富邦
NA,NA,NA,DH,6,第二棒,1下,2.第二棒DH胡金龍:右外野飛球遭接殺，二出局。,一出局,胡金龍,接殺,桃猿(0) VS (0)富邦
NA,NA,NA,1B,6,第三棒,1下,3.第三棒1B林益全:二壘方向飛球遭刺殺，三出局。,二出局,林益全,刺殺,桃猿(0) VS (0)富邦
NA,NA,NA,1B,6,第五棒,2上,1.第五棒1B陳俊秀:右外野安打，二壘有人。,零出局,陳俊秀,二壘安打,桃猿(0) VS (0)富邦
NA,陳俊秀,NA,2B,6,第六棒,2上,2.第六棒2B郭嚴文:右外野飛球遭接殺，一出局。,零出局,郭嚴文,接殺,桃猿(0) VS (0)富邦
NA,陳俊秀,NA,C,6,第七棒,2上,3.第七棒C廖健富:左外野飛球接殺，二出局，二壘跑者上三壘。,一出局,廖健富,接殺,桃猿(0) VS (0)富邦
NA,NA,陳俊秀,LF,6,第八棒,2上,4.第八棒LF朱育賢:獲得四壞保送，一三壘有人。,二出局,朱育賢,保送,桃猿(0) VS (0)富邦
朱育賢,NA,陳俊秀,RF,6,第九棒,2上,5.第九棒RF鍾承祐:游擊方向穿越安打，一二壘有人，三壘跑者跑回本壘得分。,二出局,鍾承祐,一壘安打,桃猿(0) VS (0)富邦
鍾承祐,朱育賢,NA,3B,6,第一棒,2上,6.第一棒3B林立:游擊方向穿越安打，一二壘有人，二壘跑者跑回本壘得分。,二出局,林立,一壘安打,桃猿(1) VS (0)富邦
林立,鍾承祐,NA,SS,6,第二棒,2上,7.第二棒SS林承飛:游擊方向穿越安打，一二壘有人，二壘跑者跑回本壘得分。,二出局,林承飛,一壘安打,桃猿(2) VS (0)富邦
林承飛,林立,NA,CF,6,第三棒,2上,8.第三棒CF王柏融:右外野安打，二壘有人，一二壘跑者跑回本壘得分。,二出局,王柏融,二壘安打,桃猿(3) VS (0)富邦
NA,王柏融,NA,DH,6,第四棒,2上,9.第四棒DH林泓育:二壘上空飛球接殺，三出局。,二出局,林泓育,接殺,桃猿(5) VS (0)富邦
NA,NA,NA,LF,6,第四棒,2下,1.第四棒LF高國輝:獲得四壞保送，一壘有人。,零出局,高國輝,保送,桃猿(5) VS (0)富邦
高國輝,NA,NA,RF,6,第五棒,2下,2.第五棒RF張正偉:投手暴投，一壘跑者上二壘。獲得四壞保送，一二壘有人。,零出局,張正偉,投手暴投-保送,桃猿(5) VS (0)富邦
張正偉,高國輝,NA,3B,6,第六棒,2下,3.第六棒3B蔣智賢:左外野飛球遭接殺，一出局。,零出局,蔣智賢,接殺,桃猿(5) VS (0)富邦
NA,NA,NA,SS,6,第七棒,2下,4.第七棒SS高國麟:中外野高飛球遭接殺，二出局。,一出局,高國麟,接殺,桃猿(5) VS (0)富邦
NA,NA,NA,C,6,第八棒,2下,5.第八棒C方克偉:左外野飛球遭接殺，三出局。,二出局,方克偉,接殺,桃猿(5) VS (0)富邦
NA,NA,NA,1B,6,第五棒,3上,1.第五棒1B陳俊秀:左外野安打，一壘有人。,零出局,陳俊秀,一壘安打,桃猿(5) VS (0)富邦
陳俊秀,NA,NA,2B,6,第六棒,3上,2.第六棒2B郭嚴文:游擊方向穿越安打，一二壘有人。,零出局,郭嚴文,一壘安打,桃猿(5) VS (0)富邦
郭嚴文,陳俊秀,NA,C,6,第七棒,3上,3.第七棒C廖健富:觸擊，投手傳一壘刺殺打者，一出局，一二壘跑者上二三壘。,零出局,廖健富,犧牲觸擊,桃猿(5) VS (0)富邦
NA,郭嚴文,陳俊秀,LF,6,第八棒,3上,4.第八棒LF朱育賢:觸身球保送，滿壘。,一出局,朱育賢,觸身,桃猿(5) VS (0)富邦
朱育賢,郭嚴文,陳俊秀,RF,6,第九棒,3上,5.第九棒RF鍾承祐:一壘方向滾地，1B傳本壘刺殺三壘往本壘跑者，二出局，一三壘有人。,一出局,鍾承祐,刺殺,桃猿(5) VS (0)富邦
鍾承祐,朱育賢,郭嚴文,3B,6,第一棒,3上,6.第一棒3B林立:SS接球失誤，三壘跑者跑回本壘得分，滿壘。,二出局,林立,失誤,桃猿(5) VS (0)富邦
林立,鍾承祐,朱育賢,SS,6,第二棒,3上,7.第二棒SS林承飛:揮棒落空，三振，三出局。,二出局,林承飛,三振,桃猿(6) VS (0)富邦
NA,NA,NA,CF,6,第九棒,3下,1.第九棒CF林哲瑄:左外野平飛安打，三壘有人,零出局,林哲瑄,三壘安打,桃猿(6) VS (0)富邦
NA,NA,林哲瑄,2B,6,第一棒,3下,2.第一棒2B陳品捷:二壘方向穿越安打，三壘跑者跑回本壘得分，一壘有人。,零出局,陳品捷,一壘安打,桃猿(6) VS (0)富邦
陳品捷,NA,NA,DH,6,第二棒,3下,3.第二棒DH胡金龍:左外野飛球遭接殺，一出局。,零出局,胡金龍,接殺,桃猿(6) VS (1)富邦
陳品捷,NA,NA,1B,6,第三棒,3下,4.第三棒1B林益全:揮棒過半，遭三振，二出局。,一出局,林益全,三振,桃猿(6) VS (1)富邦
陳品捷,NA,NA,LF,6,第四棒,3下,5.第四棒LF高國輝:一二壘方向穿越安打，一三壘有人。,二出局,高國輝,一壘安打,桃猿(6) VS (1)富邦
高國輝,NA,陳品捷,RF,6,第五棒,3下,6.第五棒RF張正偉:三壘方向飛球遭接殺，三出局。,二出局,張正偉,接殺,桃猿(6) VS (1)富邦
NA,NA,NA,CF,6,第三棒,4上,1.第三棒CF王柏融:觸身球保送，一壘有人。,零出局,王柏融,觸身,桃猿(6) VS (1)富邦
王柏融,NA,NA,DH,6,第四棒,4上,2.第四棒DH林泓育:觸身球保送，一二壘有人。,零出局,林泓育,觸身,桃猿(6) VS (1)富邦
林泓育,王柏融,NA,1B,6,第五棒,4上,3.第五棒1B陳俊秀:一壘方向滾地球遭刺殺，一出局，二三壘有人。,零出局,陳俊秀,刺殺,桃猿(6) VS (1)富邦
NA,林泓育,王柏融,2B,6,第六棒,4上,4.第六棒2B郭嚴文:一二壘方向穿越安打，三壘跑者跑回本壘得分，一三壘有人。,一出局,郭嚴文,一壘安打,桃猿(6) VS (1)富邦
郭嚴文,NA,林泓育,C,6,第七棒,4上,5.第七棒C廖健富:右外野高飛接殺，二出局，三壘跑者跑回本壘得分，一壘有人。,一出局,廖健富,高飛犧牲打,桃猿(7) VS (1)富邦
郭嚴文,NA,NA,LF,6,第八棒,4上,6.第八棒LF朱育賢:中外野高飛接殺，三出局。,二出局,朱育賢,接殺,桃猿(8) VS (1)富邦
NA,NA,NA,3B,6,第六棒,4下,1.第六棒3B蔣智賢:二壘方向平飛接殺，一出局。,零出局,蔣智賢,接殺,桃猿(8) VS (1)富邦
NA,NA,NA,SS,6,第七棒,4下,2.第七棒SS高國麟:中外野高飛接殺，二出局。,一出局,高國麟,接殺,桃猿(8) VS (1)富邦
NA,NA,NA,C,6,第八棒,4下,3.第八棒C方克偉:揮棒落空，三振，三出局。,二出局,方克偉,三振,桃猿(8) VS (1)富邦
NA,NA,NA,RF,6,第九棒,5上,1.第九棒RF鍾承祐:二壘方向滾地遭刺殺，一出局。,零出局,鍾承祐,刺殺,桃猿(8) VS (1)富邦
NA,NA,NA,3B,6,第一棒,5上,2.第一棒3B林立:中外野高飛接殺，二出局。,一出局,林立,接殺,桃猿(8) VS (1)富邦
NA,NA,NA,SS,6,第二棒,5上,3.第二棒SS林承飛:三壘方向平飛接殺，三出局。,二出局,林承飛,接殺,桃猿(8) VS (1)富邦
NA,NA,NA,CF,6,第九棒,5下,1.第九棒CF林哲瑄:右外野高飛接殺，一出局。,零出局,林哲瑄,接殺,桃猿(8) VS (1)富邦
NA,NA,NA,2B,6,第一棒,5下,2.第一棒2B陳品捷:投手正面平飛接殺，二出局。,一出局,陳品捷,接殺,桃猿(8) VS (1)富邦
NA,NA,NA,DH,6,第二棒,5下,3.第二棒DH胡金龍:三壘方向穿越安打，一壘有人。,二出局,胡金龍,一壘安打,桃猿(8) VS (1)富邦
胡金龍,NA,NA,1B,6,第三棒,5下,4.第三棒1B林益全:一壘方向平飛安打，一三壘有人。,二出局,林益全,一壘安打,桃猿(8) VS (1)富邦
林益全,NA,胡金龍,LF,6,第四棒,5下,5.第四棒LF高國輝:左外野高飛接殺，三出局。,二出局,高國輝,接殺,桃猿(8) VS (1)富邦
NA,NA,NA,CF,6,第三棒,6上,1.第三棒CF王柏融:獲得四壞球保送，一壘有人。,零出局,王柏融,保送,桃猿(8) VS (1)富邦
王柏融,NA,NA,DH,6,第四棒,6上,2.第四棒DH林泓育:游擊方向平飛穿越安打，一二壘有人。,零出局,林泓育,一壘安打,桃猿(8) VS (1)富邦
林泓育,王柏融,NA,1B,6,第五棒,6上,3.第五棒1B陳俊秀:中外野高飛接殺，一出局。,零出局,陳俊秀,接殺,桃猿(8) VS (1)富邦
林泓育,王柏融,NA,2B,6,第六棒,6上,4.第六棒2B郭嚴文:中外野高飛接殺，二出局。,一出局,郭嚴文,接殺,桃猿(8) VS (1)富邦
林泓育,王柏融,NA,C,6,第七棒,6上,5.第七棒C廖健富:一壘方向滾地遭刺殺，三出局。,二出局,廖健富,刺殺,桃猿(8) VS (1)富邦
NA,NA,NA,RF,6,第五棒,6下,1.第五棒RF張正偉:三壘方向平飛接殺，一出局。,零出局,張正偉,接殺,桃猿(8) VS (1)富邦
NA,NA,NA,3B,6,第六棒,6下,2.第六棒3B蔣智賢:二壘方向滾地球遭刺殺，二出局。,一出局,蔣智賢,刺殺,桃猿(8) VS (1)富邦
NA,NA,NA,SS,6,第七棒,6下,3.第七棒SS高國麟:三壘方向平飛接殺，三出局。,二出局,高國麟,接殺,桃猿(8) VS (1)富邦
NA,NA,NA,LF,6,第八棒,7上,1.第八棒LF朱育賢:一二壘方向滾地球遭刺殺，一出局。,零出局,朱育賢,刺殺,桃猿(8) VS (1)富邦
NA,NA,NA,RF,6,第九棒,7上,2.第九棒RF藍寅倫:一壘方向平飛球遭刺殺，二出局。,一出局,藍寅倫,刺殺,桃猿(8) VS (1)富邦
NA,NA,NA,3B,6,第一棒,7上,3.第一棒3B林立:三振，三出局。,二出局,林立,三振,桃猿(8) VS (1)富邦
NA,NA,NA,C,6,第八棒,7下,1.第八棒C方克偉:獲得四壞保送，一壘有人。,零出局,方克偉,保送,桃猿(8) VS (1)富邦
方克偉,NA,NA,CF,6,第九棒,7下,2.第九棒CF林哲瑄:游擊方向滾地安打，一二壘有人。,零出局,林哲瑄,一壘安打,桃猿(8) VS (1)富邦
林哲瑄,方克偉,NA,2B,6,第一棒,7下,3.第一棒2B陳品捷:二壘方向穿越滾地安打，二壘跑者跑回本壘得分，一二壘有人。,零出局,陳品捷,一壘安打,桃猿(8) VS (1)富邦
陳品捷,林哲瑄,NA,DH,6,第二棒,7下,4.第二棒DH胡金龍:左外野高飛安打，一二壘跑者跑回本壘得分，二壘有人。,零出局,胡金龍,二壘安打,桃猿(8) VS (2)富邦
NA,胡金龍,NA,1B,6,第三棒,7下,5.第三棒1B林益全:一二壘穿越安打，一三壘有人。,零出局,林益全,穿越安打穿越安打,桃猿(8) VS (4)富邦
林益全,NA,胡金龍,LF,6,第四棒,7下,6.第四棒LF高國輝:三壘方向平飛接殺，三壘跑者跑回本壘得分，一壘跑者跑向二壘遭刺殺，一出局，一壘有人。,零出局,高國輝,接殺,桃猿(8) VS (4)富邦
林益全,NA,NA,RF,6,第五棒,7下,7.第五棒RF張正偉:三壘傳二壘刺殺一壘往二壘跑者，二出局，二壘傳一壘刺殺打者，三出局。,一出局,張正偉,雙殺,桃猿(8) VS (5)富邦
NA,NA,NA,SS,6,第二棒,8上,1.第二棒SS林承飛:左外野平飛安打，一壘有人。,零出局,林承飛,一壘安打,桃猿(8) VS (5)富邦
林承飛,NA,NA,CF,6,第三棒,8上,2.第三棒CF王柏融:(2)B傳球失誤，一三壘有人。,零出局,王柏融,失誤,桃猿(8) VS (5)富邦
王柏融,NA,林承飛,DH,6,第四棒,8上,3.第四棒DH林泓育:左外野平飛安打，三壘跑者跑回本壘得分，二三壘有人。,零出局,林泓育,二壘安打,桃猿(8) VS (5)富邦
NA,林泓育,王柏融,1B,6,第五棒,8上,4.第五棒1B陳俊秀:觸身球保送，滿壘。,零出局,陳俊秀,觸身,桃猿(9) VS (5)富邦
陳俊秀,林泓育,王柏融,2B,6,第六棒,8上,5.第六棒2B郭嚴文:中外野平飛安打，二三壘跑者跑回本壘得分，一二壘有人。,零出局,郭嚴文,一壘安打,桃猿(9) VS (5)富邦
郭嚴文,陳俊秀,NA,C,6,第七棒,8上,6.第七棒C廖健富:中外野平飛安打，滿壘。,零出局,廖健富,一壘安打,桃猿(11) VS (5)富邦
廖健富,郭嚴文, 陳俊秀  ,1B,6,第八棒,8上,7.第八棒1B余德龍:右外野平飛安打，二三壘跑者跑回本壘得分，二三壘有人。,零出局,余德龍,二壘安打,桃猿(11) VS (5)富邦
NA,余德龍,廖健富,RF,6,第九棒,8上,8.第九棒RF藍寅倫一壘方向滾地球遭刺殺，一出局。,零出局,藍寅倫,刺殺,桃猿(13) VS (5)富邦
NA,余德龍,廖健富,3B,6,第一棒,8上,9.第一棒3B林立:右外野平飛安打，三壘跑者跑回本壘得分，一三壘有人。,一出局,林立,一壘安打,桃猿(13) VS (5)富邦
林立,NA,余德龍,SS,6,第二棒,8上,10.第二棒SS林承飛:投手暴投，三壘跑者跑回本壘得分，右外野安打，一三壘有人。,一出局,林承飛,投手暴投-右外野安打,桃猿(14) VS (5)富邦
林承飛,NA,林立,CF,6,第三棒,8上,1.第三棒CF王柏融:中外野平飛安打，三壘跑者跑回本壘得分，一二壘有人。,一出局,王柏融,一壘安打,桃猿(15) VS (5)富邦
王柏融,林承飛,NA,DH,6,第四棒,8上,2.第四棒DH林泓育:右外野高飛接殺，二出局，一三壘有人。,一出局,林泓育,接殺,桃猿(16) VS (5)富邦
王柏融,NA,林承飛,LF,6,第五棒,8上,3.第五棒LF詹智堯:中外野滾地球遭刺殺，三出局。,二出局,詹智堯,刺殺,桃猿(16) VS (5)富邦
NA,NA,NA,3B,6,第六棒,8下,1.第六棒3B蔣智賢:一二壘方向滾地球遭刺殺，一出局。,零出局,蔣智賢,刺殺,桃猿(16) VS (5)富邦
NA,NA,NA,SS,6,第七棒,8下,2.第七棒SS高國麟:游擊方向滾地球遭刺殺，二出局。,一出局,高國麟,刺殺,桃猿(16) VS (5)富邦
NA,NA,NA,C,6,第八棒,8下,3.第八棒C吳宗峻:三振，三出局。,二出局,吳宗峻,三振,桃猿(16) VS (5)富邦
NA,NA,NA,2B,6,第六棒,9上,1.第六棒2B郭嚴文:二壘方向滾地球遭刺殺，一出局。,零出局,郭嚴文,刺殺,桃猿(16) VS (5)富邦
NA,NA,NA,C,6,第七棒,9上,2.第七棒C劉時豪:左外野高飛接殺，二出局。,一出局,劉時豪,接殺,桃猿(16) VS (5)富邦
NA,NA,NA,1B,6,第八棒,9上,3.第八棒1B余德龍:三壘方向平飛接殺，三出局。,二出局,余德龍,接殺,桃猿(16) VS (5)富邦
NA,NA,NA,CF,6,第九棒,9下,1.第九棒CF高孝儀:右外野平飛安打，一壘有人。,零出局,高孝儀,一壘安打,桃猿(16) VS (5)富邦
高孝儀,NA,NA,2B,6,第一棒,9下,2.第一棒2B陳品捷:中外野高飛接殺，一出局。,零出局,陳品捷,接殺,桃猿(16) VS (5)富邦
高孝儀,NA,NA,DH,6,第二棒,9下,3.第二棒DH胡金龍:右外野高飛接殺，二出局。,一出局,胡金龍,接殺,桃猿(16) VS (5)富邦
高孝儀,NA,NA,1B,6,第三棒,9下,4.第三棒1B林益全:中外野平飛安打，一二壘人。,二出局,林益全,一壘安打,桃猿(16) VS (5)富邦
林益全,高孝儀,NA,LF,6,第四棒,9下,5.第四棒LF高國輝:右外野高飛接殺，三出局。,二出局,高國輝,接殺,桃猿(16) VS (5)富邦
NA,NA,NA,CF,7,第一棒,1上,1.第一棒CF，羅國龍:右外野方向一壘安打,零出局,羅國龍,一壘安打,統一(0) VS (0)兄弟
羅國龍,NA,NA,2B,7,第二棒,1上,2.第二棒2B，吳桀睿:揮棒落空，三振，一出局,零出局,吳桀睿,三振,統一(0) VS (0)兄弟
羅國龍,NA,NA,DH,7,第三棒,1上,3.第三棒DH，潘武雄:中外野方向飛球遭到接殺，二出局,一出局,潘武雄,接殺,統一(0) VS (0)兄弟
羅國龍,NA,NA,LF,7,第四棒,1上,4.第四棒LF，蘇智傑:四壞球保送，分佔一二壘,二出局,蘇智傑,保送,統一(0) VS (0)兄弟
蘇智傑,羅國龍,NA,1B,7,第五棒,1上,5.第五棒1B，陳鏞基:揮棒落空，三振，三出局,二出局,陳鏞基,三振,統一(0) VS (0)兄弟
NA,NA,NA,2B,7,第一棒,1下,1.第一棒2B，王威晨:中外野方向一壘安打,零出局,王威晨,一壘安打,統一(0) VS (0)兄弟
王威晨,NA,NA,SS,7,第二棒,1下,2.第二棒SS，陳江和:界外飛球遭到1B接殺，一出局,零出局,陳江和,接殺,統一(0) VS (0)兄弟
王威晨,NA,NA,LF,7,第三棒,1下,3.第三棒LF，周思齊:(一壘跑者盜壘成功)揮棒落空，三振，二出局,一出局,周思齊,盜壘-三振,統一(0) VS (0)兄弟
NA,王威晨,NA,CF,7,第四棒,1下,4.第四棒CF，張志豪:中外野方向飛球遭到接殺，三出局,二出局,張志豪,接殺,統一(0) VS (0)兄弟
NA,NA,NA,3B,7,第六棒,2上,1.第六棒3B，郭阜林:四壞球保送,零出局,郭阜林,保送,統一(0) VS (0)兄弟
郭阜林,NA,NA,RF,7,第七棒,2上,2.第七棒RF，唐肇廷:右外野方向一壘安打，分佔一三壘,零出局,唐肇廷,一壘安打,統一(0) VS (0)兄弟
唐肇廷,NA,郭阜林,C,7,第八棒,2上,3.第八棒C，高志綱:右外野方向一壘安打，1分打點,零出局,高志綱,一壘安打,統一(0) VS (0)兄弟
高志綱,唐肇廷,NA,SS,7,第九棒,2上,4.第九棒SS，黃恩賜:犧牲觸擊，一出局，跑者向前推進至二三壘,零出局,黃恩賜,犧牲觸擊,統一(1) VS (0)兄弟
NA,高志綱,唐肇廷,CF,7,第一棒,2上,5.第一棒CF，羅國龍:右外野方向一壘安打，2分打點,一出局,羅國龍,一壘安打,統一(1) VS (0)兄弟
羅國龍,NA,NA,2B,7,第二棒,2上,6.第二棒2B，吳桀睿:左外野方向全壘打，2分打點,一出局,吳桀睿,全壘打,統一(3) VS (0)兄弟
NA,NA,NA,DH,7,第三棒,2上,7.第三棒DH，潘武雄:四壞球保送,一出局,潘武雄,保送,統一(5) VS (0)兄弟
潘武雄,NA,NA,LF,7,第四棒,2上,8.第四棒LF，蘇智傑:揮棒落空，三振，二出局,一出局,蘇智傑,三振,統一(5) VS (0)兄弟
潘武雄,NA,NA,1B,7,第五棒,2上,9.第五棒1B，陳鏞基:揮棒落空，三振，三出局,二出局,陳鏞基,三振,統一(5) VS (0)兄弟
NA,NA,NA,DH,7,第五棒,2下,1.第五棒DH，彭政閔:中右外野方向二壘安打,零出局,彭政閔,二壘安打,統一(5) VS (0)兄弟
NA,彭政閔,NA,3B,7,第六棒,2下,2.第六棒3B，蘇緯達:中外野方向一壘安打，1分打點,零出局,蘇緯達,一壘安打,統一(5) VS (0)兄弟
蘇緯達,NA,NA,1B,7,第七棒,2下,3.第七棒1B，曾陶鎔:右外野方向一壘安打，分佔一二壘,零出局,曾陶鎔,一壘安打,統一(5) VS (1)兄弟
曾陶鎔,蘇緯達,NA,C,7,第八棒,2下,4.第八棒C，吳明鴻:投手前滾地球，投手接球傳向三壘封殺，一出局,零出局,吳明鴻,封殺,統一(5) VS (1)兄弟
曾陶鎔,蘇緯達,NA,RF,7,第九棒,2下,5.第九棒RF，林書逸:本壘後方飛球遭到C接殺，二出局,一出局,林書逸,接殺,統一(5) VS (1)兄弟
曾陶鎔,蘇緯達,NA,2B,7,第一棒,2下,6.第一棒2B，王威晨:左外野方向一壘安打，1分打點,二出局,王威晨,一壘安打,統一(5) VS (1)兄弟
王威晨,曾陶鎔,NA,SS,7,第二棒,2下,7.第二棒SS，陳江和:游擊方向滾地球，SS接球傳向一壘刺殺，三出局,二出局,陳江和,刺殺,統一(5) VS (2)兄弟
NA,NA,NA,3B,7,第六棒,3上,1.第六棒3B，郭阜林:中右外野方向飛球遭到CF接殺，一出局,零出局,郭阜林,接殺,統一(5) VS (2)兄弟
NA,NA,NA,RF,7,第七棒,3上,2.第七棒RF，唐肇廷:中左外野方向飛球遭到CF接殺，二出局,一出局,唐肇廷,接殺,統一(5) VS (2)兄弟
NA,NA,NA,C,7,第八棒,3上,3.第八棒C，高志綱:右外野方向二壘安打,二出局,高志綱,二壘安打,統一(5) VS (2)兄弟
NA,高志綱,NA,SS,7,第九棒,3上,4.第九棒SS，黃恩賜:內野滾地球，1B接球傳給補位的投手，三出局,二出局,黃恩賜,封殺,統一(5) VS (2)兄弟
NA,NA,NA,LF,7,第三棒,3下,1.第三棒LF，周思齊:中外野方向一壘安打,零出局,周思齊,一壘安打,統一(5) VS (2)兄弟
周思齊,NA,NA,CF,7,第四棒,3下,2.第四棒CF，張志豪:左外野方向飛球遭到接殺，一出局,零出局,張志豪,接殺,統一(5) VS (2)兄弟
周思齊,NA,NA,DH,7,第五棒,3下,3.第五棒DH，彭政閔:右外野方向飛球遭到遭到接殺，二出局,一出局,彭政閔,接殺,統一(5) VS (2)兄弟
周思齊,NA,NA,3B,7,第六棒,3下,4.第六棒3B，蘇緯達:中外野方向飛球遭到接殺，三出局,二出局,蘇緯達,接殺,統一(5) VS (2)兄弟
NA,NA,NA,CF,7,第一棒,4上,1.第一棒CF，羅國龍:中外野方向一壘安打,零出局,羅國龍,一壘安打,統一(5) VS (2)兄弟
羅國龍,NA,NA,2B,7,第二棒,4上,2.第二棒2B，吳桀睿:右外野方向飛球遭到接殺，一出局,零出局,吳桀睿,接殺,統一(5) VS (2)兄弟
羅國龍,NA,NA,DH,7,第三棒,4上,3.第三棒DH，潘武雄:(一壘跑者成功盜上二壘)右外野飛球遭到接殺，二出局，二壘跑者上三壘,一出局,潘武雄,接殺,統一(5) VS (2)兄弟
NA,NA,羅國龍,LF,7,第四棒,4上,4.第四棒LF，蘇智傑:故意四壞球保送，一三壘有人,二出局,蘇智傑,保送,統一(5) VS (2)兄弟
蘇智傑,NA,羅國龍,1B,7,第五棒,4上,5.第五棒1B，陳鏞基:游擊方向滾地球，SS接球傳向二壘封殺，三出局,二出局,陳鏞基,封殺,統一(5) VS (2)兄弟
NA,NA,NA,1B,7,第七棒,4下,1.第七棒1B，曾陶鎔:揮棒落空，三振，一出局,零出局,曾陶鎔,三振,統一(5) VS (2)兄弟
NA,NA,NA,C,7,第八棒,4下,2.第八棒C，吳明鴻:游擊方向反彈球遭到刺殺，二出局,一出局,吳明鴻,刺殺,統一(5) VS (2)兄弟
NA,NA,NA,RF,7,第九棒,4下,3.第九棒RF，林書逸:揮棒落空，三振，三出局,二出局,林書逸,三振,統一(5) VS (2)兄弟
NA,NA,NA,3B,7,第六棒,5上,1.第六棒3B，郭阜林:中外野方向二壘安打,零出局,郭阜林,二壘安打,統一(5) VS (2)兄弟
NA,郭阜林,NA,RF,7,第七棒,5上,2.第七棒RF，唐肇廷:內野上空飛球遭到3B接殺，一出局,零出局,唐肇廷,接殺,統一(5) VS (2)兄弟
NA,郭阜林,NA,C,7,第八棒,5上,3.第八棒C，高志綱:二壘方向反彈球遭到刺殺，二出局，二壘跑者推進至三壘,一出局,高志綱,刺殺,統一(5) VS (2)兄弟
NA,NA,郭阜林,SS,7,第九棒,5上,4.第九棒SS，黃恩賜:左外野方向一壘安打，帶有一分打點,二出局,黃恩賜,一壘安打,統一(5) VS (2)兄弟
黃恩賜,NA,NA,PH,7,第一棒,5上,5.第一棒代打，陳重羽:(一壘跑者成功盜上二壘)中外野方向一壘安打，帶有一分打點,二出局,陳重羽,一壘安打,統一(6) VS (2)兄弟
陳重羽,NA,NA,/,7,/,5上, 一壘跑者盜壘失敗，三出局,二出局,/,盜壘失敗,統一(7) VS (2)兄弟
NA,NA,NA,2B,7,第一棒,5下,1.第一棒2B，王威晨:中外野方向一壘安打,零出局,王威晨,一壘安打,統一(7) VS (2)兄弟
王威晨,NA,NA,SS,7,第二棒,5下,2.第二棒SS，陳江和:三振，一出局,零出局,陳江和,三振,統一(7) VS (2)兄弟
王威晨,NA,NA,LF,7,第三棒,5下,3.第三棒LF，周思齊:RF接球失誤，一壘跑者回壘得分，打者上三壘,一出局,周思齊,失誤,統一(7) VS (2)兄弟
NA,NA,周思齊,CF,7,第四棒,5下,4.第四棒CF，張志豪:游擊方向滾地球，SS接球傳向一壘刺殺，二出局，三壘跑者回壘得分,一出局,張志豪,刺殺,統一(7) VS (3)兄弟
NA,NA,NA,DH,7,第五棒,5下,5.第五棒DH，彭政閔:游擊方向滾地球，SS接球傳向一壘刺殺，三出局,二出局,彭政閔,刺殺,統一(7) VS (4)兄弟
NA,NA,NA,2B,7,第二棒,6上,1.第二棒2B，吳桀睿:中外野方向飛球遭到接殺，一出局,零出局,吳桀睿,接殺,統一(7) VS (4)兄弟
NA,NA,NA,DH,7,第三棒,6上,2.第三棒DH，潘武雄:左外野方向深遠三壘安打,一出局,潘武雄,三壘安打,統一(7) VS (4)兄弟
NA,NA,潘武雄,LF,7,第四棒,6上,3.第四棒LF，蘇智傑:右外野方向一壘安打，帶有一分打點,一出局,蘇智傑,一壘安打,統一(7) VS (4)兄弟
蘇智傑,NA,NA,1B,7,第五棒,6上,4.第五棒1B，陳鏞基:中外野方向飛球遭到接殺，二出局,一出局,陳鏞基,接殺,統一(8) VS (4)兄弟
蘇智傑,NA,NA,3B,7,第六棒,6上,5.第六棒3B，郭阜林:三壘方向滾底球，3B接球傳向一壘刺殺，三出局,二出局,郭阜林,刺殺,統一(8) VS (4)兄弟
NA,NA,NA,3B,7,第六棒,6下,1.第六棒3B，蘇緯達:投手前滾地球，投手接球傳向一壘刺殺，一出局,零出局,蘇緯達,刺殺,統一(8) VS (4)兄弟
NA,NA,NA,1B,7,第七棒,6下,2.第七棒1B，曾陶鎔:中外野方向一壘安打,一出局,曾陶鎔,一壘安打,統一(8) VS (4)兄弟
曾陶鎔,NA,NA,C,7,第八棒,6下,3.第八棒C，吳明鴻:游擊方向滾地球，SS接球傳向二壘封殺，二出局，打者上一壘,一出局,吳明鴻,封殺,統一(8) VS (4)兄弟
吳明鴻,NA,NA,RF,7,第九棒,6下,4.第九棒RF，林書逸:三振，三出局,二出局,林書逸,三振,統一(8) VS (4)兄弟
NA,NA,NA,CF,7,第七棒,7上,1.第七棒CF，唐肇廷:三壘上空飛球遭到接殺，一出局,零出局,唐肇廷,接殺,統一(8) VS (4)兄弟
NA,NA,NA,C,7,第八棒,7上,2.第八棒C，高志綱:左外野方向一壘安打,一出局,高志綱,一壘安打,統一(8) VS (4)兄弟
高志綱,NA,NA,SS,7,第九棒,7上,3.第九棒SS，黃恩賜:三振，二出局,一出局,黃恩賜,三振,統一(8) VS (4)兄弟
高志綱,NA,NA,RF,7,第一棒,7上,4.第一棒RF，陳重羽:(一壘跑者盜上二壘)中外野方向一壘安打，帶有一分打點，打者趁傳上二壘,二出局,陳重羽,盜壘-一壘安打,統一(8) VS (4)兄弟
NA,陳重羽,NA,2B,7,第二棒,7上,5.第二棒2B，吳桀睿:中外野方向飛球遭到接殺，三出局,二出局,吳桀睿,接殺,統一(9) VS (4)兄弟
NA,NA,NA,2B,7,第一棒,7下,1.第一棒2B，王威晨:游擊方向滾地球，SS接球傳向一壘刺殺，一出局,零出局,王威晨,刺殺,統一(9) VS (4)兄弟
NA,NA,NA,SS,7,第二棒,7下,2.第二棒SS，陳江和:左外野飛球遭到接殺，二出局,一出局,陳江和,接殺,統一(9) VS (4)兄弟
NA,NA,NA,LF,7,第三棒,7下,3.第三棒LF，周思齊:一壘方向滾地球，1B接球傳給補位投手刺殺，三出局,二出局,周思齊,刺殺,統一(9) VS (4)兄弟
NA,NA,NA,DH,7,第三棒,8上,1.第三棒DH，潘武雄:三振，一出局,零出局,潘武雄,三振,統一(9) VS (4)兄弟
NA,NA,NA,LF,7,第四棒,8上,2.第四棒LF，蘇智傑:右外野方向飛球遭到接殺，二出局,一出局,蘇智傑,接殺,統一(9) VS (4)兄弟
NA,NA,NA,PH,7,第五棒,8上,3.第五棒代打，鄧志偉:游擊方向小飛球遭到接殺，三出局,二出局,鄧志偉,接殺,統一(9) VS (4)兄弟
NA,NA,NA,CF,7,第四棒,8下,1.第四棒CF，張志豪:揮棒落空，三振，一出局,零出局,張志豪,三振,統一(9) VS (4)兄弟
NA,NA,NA,DH,7,第五棒,8下,2.第五棒DH，彭政閔:右外野方向飛球遭到接殺，二出局,一出局,彭政閔,接殺,統一(9) VS (4)兄弟
NA,NA,NA,3B,7,第六棒,8下,3.第六棒3B，蘇緯達:揮棒落空，三振，三出局,二出局,蘇緯達,三振,統一(9) VS (4)兄弟
NA,NA,NA,3B,7,第六棒,9上,1.第六棒3B，郭阜林:內野滾地球，3B接球傳向一壘刺殺，一出局,零出局,郭阜林,刺殺,統一(9) VS (4)兄弟
NA,NA,NA,CF,7,第七棒,9上,2.第七棒CF，唐肇廷:中外野方向飛球遭到接殺，二出局,一出局,唐肇廷,接殺,統一(9) VS (4)兄弟
NA,NA,NA,C,7,第八棒,9上,3.第八棒C，高志綱:四壞球保送,二出局,高志綱,保送,統一(9) VS (4)兄弟
高志綱,NA,NA,SS,7,第九棒,9上,4.第九棒SS，黃恩賜:三壘邊線強勁內野安打，分佔一二壘,二出局,黃恩賜,一壘安打,統一(9) VS (4)兄弟
黃恩賜,高志綱,NA,PH,7,第一棒,9上,5.第一棒代打，劉芙豪:內野滾地球，3B接情傳向一壘刺殺，三出局,二出局,劉芙豪,刺殺,統一(9) VS (4)兄弟
NA,NA,NA,1B,7,第七棒,9下,1.第七棒1B，曾陶鎔:三游間穿越一壘安打,零出局,曾陶鎔,一壘安打,統一(9) VS (4)兄弟
曾陶鎔,NA,NA,C,7,第八棒,9下,2.第八棒C，吳明鴻:左外野方向一壘安打，分佔一二壘,零出局,吳明鴻,一壘安打,統一(9) VS (4)兄弟
吳明鴻,曾陶鎔,NA,RF,7,第九棒,9下,3.第九棒RF，林書逸:右外野方向一壘安打，滿壘,零出局,林書逸,一壘安打,統一(9) VS (4)兄弟
林書逸,吳明鴻,曾陶鎔,/,7,/,9下, 投手暴投，三壘跑者回壘得分，,零出局,/,投手暴投,統一(9) VS (4)兄弟
NA,林書逸,吳明鴻,2B,7,第一棒,9下,4.第一棒2B，王威晨:內野滾地球，2B接球傳向一壘刺殺，一出局，三壘跑者回壘得分,零出局,王威晨,刺殺,統一(9) VS (5)兄弟
王威晨,NA,林書逸,PH,7,第二棒,9下,5.第二棒代打，陳子豪:左外野方向一壘安打，1分打點，更換代跑:吳東融,一出局,陳子豪,一壘安打,統一(9) VS (6)兄弟
吳東融,王威晨,NA,LF,7,第三棒,9下,6.第三棒LF，周思齊:中外野方向一壘安打，分佔一二壘,一出局,周思齊,一壘安打,統一(9) VS (7)兄弟
周思齊,吳東融,NA,CF,7,第四棒,9下,7.第四棒CF，張志豪:內野滾地球，2B接球失誤，形成滿壘,一出局,張志豪,失誤,統一(9) VS (7)兄弟
張志豪,周思齊,吳東融,DH,7,第五棒,9下,8.第五棒DH，彭政閔:內野滾地球，SS接球傳向二壘封殺，二出局，三壘跑者回壘得分，打者上一壘；一壘更換跑者:詹子賢,一出局,彭政閔,封殺,統一(9) VS (7)兄弟
詹子賢,NA,周思齊,3B,7,第六棒,9下,9.第六棒3B，蘇緯達:內野滾地球，2B接球傳向一壘刺殺，三出局,二出局,蘇緯達,刺殺,統一(9) VS (8)兄弟
NA,NA,NA,CF,8,第一棒,1上,1.第一棒CF羅國龍:四壞保送，一壘有人。,零出局,羅國龍,保送,統一(0) VS (0)富邦
羅國龍,NA,NA,2B,8,第二棒,1上,2.第二棒2B吳桀睿:左外野平飛安打，一二壘有人。,零出局,吳桀睿,一壘安打,統一(0) VS (0)富邦
吳桀睿,羅國龍,NA,DH,8,第三棒,1上,3.第三棒DH潘武雄:中外野飛球接殺，一出局，一三壘有人。,零出局,潘武雄,接殺,統一(0) VS (0)富邦
吳桀睿,NA,羅國龍,LF,8,第四棒,1上,4.第四棒LF蘇智傑:內野飛球遭2B接殺，二出局，一三壘有人。,一出局,蘇智傑,接殺,統一(0) VS (0)富邦
吳桀睿,NA,羅國龍,1B,8,第五棒,1上,5.第五棒1B鄧志偉:四壞保送，滿壘。,二出局,鄧志偉,保送,統一(0) VS (0)富邦
鄧志偉,吳桀睿,羅國龍,3B,8,第六棒,1上,6.第六棒3B郭阜林:揮棒落空，三振，三出局。,二出局,郭阜林,三振,統一(0) VS (0)富邦
NA,NA,NA,2B,8,第一棒,1下,1.第一棒2B陳品捷:一壘方向滾地球遭刺殺，一出局。,零出局,陳品捷,刺殺,統一(0) VS (0)富邦
NA,胡金龍,NA,DH,8,第二棒,1下,2.第二棒DH胡金龍:右外野平飛安打，二壘有人。,一出局,胡金龍,二壘安打,統一(0) VS (0)富邦
NA,胡金龍,NA,1B,8,第三棒,1下,3.第三棒1B林益全:投手暴投，二壘跑者上三壘。二壘方向穿越安打，三壘跑者跑回本壘得分，一壘有人。,一出局,林益全,投手暴投-一壘安打,統一(0) VS (0)富邦
林益全,NA,NA,LF,8,第四棒,1下,4.第四棒LF高國輝:中外野高飛接殺，二出局。,一出局,高國輝,接殺,統一(0) VS (1)富邦
林益全,NA,NA,RF,8,第五棒,1下,5.第五棒RF吳宗峻:三振，三出局。,二出局,吳宗峻,三振,統一(0) VS (1)富邦
NA,NA,NA,RF,8,第七棒,2上,1.第七棒RF劉芙豪:揮棒落空，三振，一出局。,零出局,劉芙豪,三振,統一(0) VS (1)富邦
NA,NA,NA,C,8,第八棒,2上,2.第八棒C陳重羽:內野飛球遭2B接殺，二出局。,一出局,陳重羽,接殺,統一(0) VS (1)富邦
NA,NA,NA,SS,8,第九棒,2上,3.第九棒SS黃恩賜:三壘傳一壘刺殺，三出局。,二出局,黃恩賜,刺殺,統一(0) VS (1)富邦
NA,NA,NA,3B,8,第六棒,2下,1.第六棒3B蔣智賢:右外野平飛安打，一壘有人。,零出局,蔣智賢,一壘安打,統一(0) VS (1)富邦
蔣智賢,NA,NA,CF,8,第七棒,2下,2.第七棒CF林哲瑄:中外野飛球遭接殺，一出局。,零出局,林哲瑄,接殺,統一(0) VS (1)富邦
蔣智賢,NA,NA,C,8,第八棒,2下,3.第八棒C林宥穎:游擊傳一壘刺殺，二出局。,一出局,林宥穎,刺殺,統一(0) VS (1)富邦
蔣智賢,NA,NA,SS,8,第九棒,2下,4.第九棒SS李宗賢:三振，三出局。,二出局,李宗賢,三振,統一(0) VS (1)富邦
NA,NA,NA,CF,8,第一棒,3上,1.第一棒CF羅國龍:三壘傳一壘刺殺，一出局。,零出局,羅國龍,刺殺,統一(0) VS (1)富邦
NA,NA,NA,2B,8,第二棒,3上,2.第二棒2B吳桀睿:左外野平飛安打，一壘有人。,一出局,吳桀睿,一壘安打,統一(0) VS (1)富邦
吳桀睿,NA,NA,DH,8,第三棒,3上,3.第三棒DH潘武雄:LF失誤，二三壘有人。,一出局,潘武雄,失誤,統一(0) VS (1)富邦
NA,潘武雄,吳桀睿,LF,8,第四棒,3上,4.第四棒LF蘇智傑:故意四壞保送，滿壘。,一出局,蘇智傑,保送,統一(0) VS (1)富邦
蘇智傑,潘武雄,吳桀睿,1B,8,第五棒,3上,5.第五棒1B鄧志偉:右外野滾地安打，二三壘跑者跑回本壘得分，二三壘有人。,一出局,鄧志偉,二壘安打,統一(0) VS (1)富邦
NA,鄧志偉,蘇智傑,3B,8,第六棒,3上,6.第六棒3B郭阜林:野手選擇，3B傳本壘刺殺三壘往本壘跑者，二出局，一三壘有人。,一出局,郭阜林,野手選擇,統一(2) VS (1)富邦
郭阜林,NA,鄧志偉,RF,8,第七棒,3上,7.第七棒RF劉芙豪:三振，三出局。,二出局,劉芙豪,三振,統一(2) VS (1)富邦
NA,NA,NA,2B,8,第一棒,3下,1.第一棒2B陳品捷:三振，一出局。,零出局,陳品捷,三振,統一(2) VS (1)富邦
NA,NA,NA,DH,8,第二棒,3下,2.第二棒DH胡金龍:投手傳一壘刺殺，二出局。,一出局,胡金龍,刺殺,統一(2) VS (1)富邦
NA,NA,NA,1B,8,第三棒,3下,3.第三棒1B林益全:一壘方向滾地球，1B傳給補位投手刺殺，三出局。,二出局,林益全,刺殺,統一(2) VS (1)富邦
NA,NA,NA,C,8,第八棒,4上,1.第八棒C陳重羽:三振，一出局。,零出局,陳重羽,三振,統一(2) VS (1)富邦
NA,NA,NA,SS,8,第九棒,4上,2.第九棒SS黃恩賜:游擊傳一壘刺殺，二出局。,一出局,黃恩賜,刺殺,統一(2) VS (1)富邦
NA,NA,NA,CF,8,第一棒,4上,3.第一棒CF羅國龍:左外野方向全壘打。,二出局,羅國龍,全壘打,統一(2) VS (1)富邦
NA,NA,NA,2B,8,第二棒,4上,4.第二棒2B吳桀睿:三振，三出局。,二出局,吳桀睿,三振,統一(3) VS (1)富邦
NA,NA,NA,LF,8,第四棒,4下,1.第四棒LF高國輝:中外野飛球接殺，一出局。,零出局,高國輝,接殺,統一(3) VS (1)富邦
NA,NA,NA,RF,8,第五棒,4下,2.第五棒RF吳宗峻:三振，二出局。,一出局,吳宗峻,三振,統一(3) VS (1)富邦
NA,NA,NA,3B,8,第六棒,4下,3.第六棒3B蔣智賢:揮棒落空，三振，三出局。,二出局,蔣智賢,三振,統一(3) VS (1)富邦
NA,NA,NA,DH,8,第三棒,5上,1.第三棒DH潘武雄:右外野平飛安打，一壘有人。,零出局,潘武雄,一壘安打,統一(3) VS (1)富邦
潘武雄,NA,NA,LF,8,第四棒,5上,2.第四棒LF蘇智傑:一壘跑者盜壘失敗，一出局。揮棒落空，三振，二出局。,零出局,蘇智傑,盜壘失敗-三振,統一(3) VS (1)富邦
NA,NA,NA,1B,8,第五棒,5上,3.第五棒1B鄧志偉:四壞保送，一壘有人。,二出局,鄧志偉,保送,統一(3) VS (1)富邦
鄧志偉,NA,NA,3B,8,第六棒,5上,4.第六棒3B郭阜林:野手選擇，三壘傳二壘刺殺跑者，三出局。,二出局,郭阜林,刺殺,統一(3) VS (1)富邦
NA,NA,NA,CF,8,第七棒,5下,1.第七棒CF林哲瑄:三壘傳一壘刺殺，一出局。,零出局,林哲瑄,刺殺,統一(3) VS (1)富邦
NA,NA,NA,C,8,第八棒,5下,2.第八棒C林宥穎:三壘傳一壘刺殺，二出局。,一出局,林宥穎,刺殺,統一(3) VS (1)富邦
NA,NA,NA,SS,8,第九棒,5下,3.第九棒SS李宗賢:投手傳一壘刺殺，三出局。,二出局,李宗賢,刺殺,統一(3) VS (1)富邦
NA,NA,NA,RF,8,第七棒,6上,1.第七棒RF劉芙豪:游擊傳一壘刺殺，一出局。,零出局,劉芙豪,刺殺,統一(3) VS (1)富邦
NA,NA,NA,C,8,第八棒,6上,2.第八棒C陳重羽:內野安打，一壘有人。,一出局,陳重羽,一壘安打,統一(3) VS (1)富邦
陳重羽,NA,NA,SSF,8,第九棒,6上,3.第九棒SS黃恩賜:右外野平飛安打，一三壘有人。,一出局,黃恩賜,一壘安打,統一(3) VS (1)富邦
黃恩賜,NA,陳重羽,CF,8,第一棒,6上,4.第一棒CF羅國龍:游擊方向接殺，二出局，游擊傳一壘刺殺跑者，三出局。,二出局,羅國龍,刺殺,統一(3) VS (1)富邦
NA,NA,NA,2B,8,第一棒,6下,1.第一棒2B陳品捷:中外野飛球接殺，一出局。,零出局,陳品捷,接殺,統一(3) VS (1)富邦
NA,NA,NA,DH,8,第二棒,6下,2.第二棒DH胡金龍:三壘傳一壘刺殺，二出局。,一出局,胡金龍,刺殺,統一(3) VS (1)富邦
NA,NA,NA,1B,8,第三棒,6下,3.第三棒1B林益全:右外野平飛安打，二壘有人。,二出局,林益全,二壘安打,統一(3) VS (1)富邦
NA,林益全,NA,LF,8,第四棒,6下,4.第四棒LF高國輝:一壘方向飛球接殺，三出局。,二出局,高國輝,接殺,統一(3) VS (1)富邦
NA,NA,NA,2B,8,第二棒,7上,1.第二棒2B吳桀睿:右外野飛球接殺，一出局。,零出局,吳桀睿,接殺,統一(3) VS (1)富邦
NA,NA,NA,DH,8,第三棒,7上,2.第三棒DH潘武雄:左外野飛球接殺，二出局。,一出局,潘武雄,接殺,統一(3) VS (1)富邦
NA,NA,NA,LF,8,第四棒,7上,3.第四棒LF蘇智傑:三振，三出局。,二出局,蘇智傑,三振,統一(3) VS (1)富邦
NA,NA,NA,RF,8,第五棒,7下,1.第五棒RF吳宗峻:三振，一出局。,零出局,吳宗峻,三振,統一(3) VS (1)富邦
NA,NA,NA,3B,8,第六棒,7下,2.第六棒3B蔣智賢:三振，二出局。,一出局,蔣智賢,三振,統一(3) VS (1)富邦
NA,NA,NA,CF,8,第七棒,7下,3.第七棒CF林哲瑄:四壞球保送，一壘有人。,二出局,林哲瑄,保送,統一(3) VS (1)富邦
林哲瑄,NA,NA,PH,8,第八棒,7下,4.第八棒代打林威廷:一壘跑者盜上二壘，三振，三出局。,二出局,林威廷,盜壘-三振,統一(3) VS (1)富邦
NA,NA,NA,1B,8,第五棒,8上,1.第五棒1B鄧志偉:右外野飛球接殺，一出局。,零出局,鄧志偉,接殺,統一(3) VS (1)富邦
NA,NA,NA,PH,8,第六棒,8上,2.第六棒代打陳鏞基:三壘方向強襲安打，LF失誤，打者上二壘。,一出局,陳鏞基,一壘安打-失誤,統一(3) VS (1)富邦
NA,陳鏞基,NA,PH,8,第七棒,8上,3.第七棒代打唐肇廷:四壞保送，一二壘有人。,一出局,唐肇廷,保送,統一(3) VS (1)富邦
唐肇廷,陳鏞基,NA,C,8,第八棒,8上,4.第八棒C陳重羽:右外野飛球接殺，二出局，右外野傳三壘刺殺跑者，三出局。,一出局,陳重羽,接殺-刺殺,統一(3) VS (1)富邦
NA,NA,NA,PH,8,第九棒,8下,1.第九棒代打張正偉:游擊傳一壘刺殺，一出局。,零出局,張正偉,刺殺,統一(3) VS (1)富邦
NA,NA,NA,2B,8,第一棒,8下,2.第一棒2B陳品捷:右外野平飛安打，二壘有人。,一出局,陳品捷,二壘安打,統一(3) VS (1)富邦
NA,陳品捷,NA,DH,8,第二棒,8下,3.第二棒DH胡金龍:二壘傳一壘刺殺，二出局。,一出局,胡金龍,刺殺,統一(3) VS (1)富邦
NA,陳品捷,NA,1B,8,第三棒,8下,4.第三棒1B林益全:二壘傳一壘刺殺，三出局。,二出局,林益全,刺殺,統一(3) VS (1)富邦
NA,NA,NA,SS,8,第九棒,9上,1.第九棒SS黃恩賜:游擊傳一壘刺殺，一出局。,零出局,黃恩賜,刺殺,統一(3) VS (1)富邦
NA,NA,NA,CF,8,第一棒,9上,2.第一棒CF羅國龍:中外野飛球接殺，二出局。,一出局,羅國龍,接殺,統一(3) VS (1)富邦
NA,NA,NA,2B,8,第二棒,9上,3.第二棒2B吳桀睿:中外野飛球接殺，三出局。,二出局,吳桀睿,接殺,統一(3) VS (1)富邦
NA,NA,NA,LF,8,第四棒,9下,1.第四棒LF高國輝:三振，一出局。,零出局,高國輝,三振,統一(3) VS (1)富邦
NA,NA,NA,RF,8,第五棒,9下,2.第五棒RF吳宗峻:(3)B失誤，一壘有人。,一出局,吳宗峻,失誤,統一(3) VS (1)富邦
吳宗峻,NA,NA,3B,8,第六棒,9下,3.第六棒3B蔣智賢:C傳一壘刺殺，二出局。,一出局,蔣智賢,刺殺,統一(3) VS (1)富邦
吳宗峻,NA,NA,CF,8,第七棒,9下,4.第七棒CF林哲瑄:中外野飛球接殺，三出局。,二出局,林哲瑄,接殺,統一(3) VS (1)富邦
NA,NA,NA,3B,9,第一棒,1上,1.第一棒3B，林立:一壘方向滾地球，1B接球傳給補位投手刺殺，一出局,零出局,林立,刺殺,桃猿(0) VS (0)兄弟
NA,NA,NA,SS,9,第二棒,1上,2.第二棒SS，林承飛:二壘方向滾地球，2B接球傳向一壘刺殺，二出局,一出局,林承飛,刺殺,桃猿(0) VS (0)兄弟
NA,NA,NA,CF,9,第三棒,1上,3.第三棒CF，王柏融:三振，三出局,二出局,王柏融,三振,桃猿(0) VS (0)兄弟
NA,NA,NA,2B,9,第一棒,1下,1.第一棒2B，王威晨:內野安打,零出局,王威晨,內野安打,桃猿(0) VS (0)兄弟
王威晨,NA,NA,/,9,/,1下, 一壘跑者盜壘失敗，一出局,零出局,/,盜壘失敗,桃猿(0) VS (0)兄弟
NA,NA,NA,SS,9,第二棒,1下,2.第二棒SS，吳東融:觸身球保送,一出局,吳東融,觸身,桃猿(0) VS (0)兄弟
吳東融,NA,NA,LF,9,第三棒,1下,3.第三棒LF，周思齊:三振，二出局,一出局,周思齊,三振,桃猿(0) VS (0)兄弟
NA,吳東融,NA,CF,9,第四棒,1下,4.第四棒CF，張志豪:(一壘跑者成功盜上二壘)三振，三出局,二出局,張志豪,盜壘-三振,桃猿(0) VS (0)兄弟
NA,NA,NA,DH,9,第四棒,2上,1.第四棒DH，林泓育:二壘方向滾地球，2B接球傳向一壘刺殺，一出局,零出局,林泓育,刺殺,桃猿(0) VS (0)兄弟
NA,NA,NA,1B,9,第五棒,2上,2.第五棒1B，陳俊秀:右外野方向一壘安打,一出局,陳俊秀,一壘安打,桃猿(0) VS (0)兄弟
陳俊秀,NA,NA,2B,9,第六棒,2上,3.第六棒2B，郭嚴文:內野滾地球，1B接球傳向二壘封殺，二出局，打者上一壘,一出局,郭嚴文,封殺,桃猿(0) VS (0)兄弟
郭嚴文,NA,NA,C,9,第七棒,2上,4.第七棒C，廖健富:中外野方向飛球遭到接殺，三出局,二出局,廖健富,接殺,桃猿(0) VS (0)兄弟
NA,NA,NA,1B,9,第五棒,2下,1.第五棒1B，彭政閔:內野安打,零出局,彭政閔,內野安打,桃猿(0) VS (0)兄弟
彭政閔,NA,NA,DH,9,第六棒,2下,2.第六棒DH，陳子豪:三振，一出局,零出局,陳子豪,三振,桃猿(0) VS (0)兄弟
NA,彭政閔,NA,3B,9,第七棒,2下,3.第七棒3B，蘇緯達:(一壘跑者成功盜上二壘)投手前平飛球遭到投手接殺，二壘跑者回壘不及，形成雙殺，三出局,一出局,蘇緯達,盜壘-雙殺,桃猿(0) VS (0)兄弟
NA,NA,NA,LF,9,第八棒,3上,1.第八棒LF，朱育賢:三振，一出局,零出局,朱育賢,三振,桃猿(0) VS (0)兄弟
NA,NA,NA,RF,9,第九棒,3上,2.第九棒RF，余德龍:三壘方向滾地球遭到刺殺，二出局,一出局,余德龍,刺殺,桃猿(0) VS (0)兄弟
NA,NA,NA,3B,9,第一棒,3上,3.第一棒3B，林立:三振，三出局,二出局,林立,三振,桃猿(0) VS (0)兄弟
NA,NA,NA,C,9,第八棒,3下,1.第八棒C，王峻杰:穿越三游間安打,零出局,王峻杰,一壘安打,桃猿(0) VS (0)兄弟
王峻杰,NA,NA,RF,9,第九棒,3下,2.第九棒RF，曾陶鎔:三振，一出局,零出局,曾陶鎔,三振,桃猿(0) VS (0)兄弟
王峻杰,NA,NA,2B,9,第一棒,3下,3.第一棒2B，王威晨:內野方向滾地球，2B接球傳給補位SS，再傳一壘，形成雙殺，三出局,一出局,王威晨,雙殺,桃猿(0) VS (0)兄弟
NA,NA,NA,SS,9,第二棒,4上,1.第二棒SS，林承飛:二游間穿越安打,零出局,林承飛,一壘安打,桃猿(0) VS (0)兄弟
林承飛,NA,NA,CF,9,第三棒,4上,2.第三棒CF，王柏融:內野滾地球，SS接球失誤，形成一二壘有人,零出局,王柏融,失誤,桃猿(0) VS (0)兄弟
王柏融,林承飛,NA,DH,9,第四棒,4上,3.第四棒DH，林泓育:三振，一出局,零出局,林泓育,三振,桃猿(0) VS (0)兄弟
王柏融,林承飛,NA,1B,9,第五棒,4上,4.第五棒1B，陳俊秀:右外野方向一壘安打，形成滿壘,一出局,陳俊秀,一壘安打,桃猿(0) VS (0)兄弟
陳俊秀,王柏融,林承飛,2B,9,第六棒,4上,5.第六棒2B，郭嚴文:三振，二出局,一出局,郭嚴文,三振,桃猿(0) VS (0)兄弟
陳俊秀,王柏融,林承飛,C,9,第七棒,4上,6.第七棒C，廖健富:右外野方向一壘安打，帶有兩分打點，跑者分佔一三壘,二出局,廖健富,一壘安打,桃猿(0) VS (0)兄弟
廖健富,NA,陳俊秀,LF,9,第八棒,4上,7.第八棒LF，朱育賢:三振，三出局,二出局,朱育賢,三振,桃猿(2) VS (0)兄弟
NA,NA,NA,SS,9,第二棒,4下,1.第二棒SS，吳東融:四壞球保送,零出局,吳東融,保送,桃猿(2) VS (0)兄弟
吳東融,NA,NA,LF,9,第三棒,4下,2.第三棒LF，周思齊:(投手暴投，一壘跑者上二壘)左外野方向一壘安打，跑者分佔一三壘,零出局,周思齊,投手暴投-一壘安打,桃猿(2) VS (0)兄弟
周思齊,NA,吳東融,CF,9,第四棒,4下,3.第四棒CF，張志豪:中右外野全壘打，三分打點,零出局,張志豪,全壘打,桃猿(2) VS (0)兄弟
NA,NA,NA,1B,9,第五棒,4下,4.第五棒1B，彭政閔:右外野飛球遭到接殺，一出局,零出局,彭政閔,接殺,桃猿(2) VS (3)兄弟
NA,NA,NA,DH,9,第六棒,4下,5.第六棒DH，陳子豪:右外野方向一壘安打,一出局,陳子豪,一壘安打,桃猿(2) VS (3)兄弟
陳子豪,NA,NA,3B,9,第七棒,4下,6.第七棒3B，蘇緯達:二壘方向平飛球遭到接殺，一壘跑者回壘不及，形成雙殺，三出局,一出局,蘇緯達,雙殺,桃猿(2) VS (3)兄弟
NA,NA,NA,RF,9,第九棒,5上,1.第九棒RF，余德龍:三振，一出局,零出局,余德龍,三振,桃猿(2) VS (3)兄弟
NA,NA,NA,3B,9,第一棒,5上,2.第一棒3B，林立:內野安打,一出局,林立,一壘安打,桃猿(2) VS (3)兄弟
林立,NA,NA,SS,9,第二棒,5上,3.第二棒SS，林承飛:內野滾地球，SS接球傳向二壘，再傳一壘，形成雙殺，三出局,一出局,林承飛,雙殺,桃猿(2) VS (3)兄弟
NA,NA,NA,C,9,第八棒,5下,1.第八棒C，王峻杰:三壘方向滾地球，3B接球傳向一壘刺殺，一出局,零出局,王峻杰,刺殺,桃猿(2) VS (3)兄弟
NA,NA,NA,RF,9,第九棒,5下,2.第九棒RF，曾陶鎔:三振，二出局,一出局,曾陶鎔,三振,桃猿(2) VS (3)兄弟
NA,NA,NA,2B,9,第一棒,5下,3.第一棒2B，王威晨:左外野方向飛球遭到接殺，三出局,二出局,王威晨,接殺,桃猿(2) VS (3)兄弟
NA,NA,NA,CF,9,第三棒,6上,1.第三棒CF，王柏融:三振，一出局,零出局,王柏融,三振,桃猿(2) VS (3)兄弟
NA,NA,NA,DH,9,第四棒,6上,2.第四棒DH，林泓育:三振，二出局,一出局,林泓育,三振,桃猿(2) VS (3)兄弟
NA,NA,NA,1B,9,第五棒,6上,3.第五棒1B，陳俊秀:中右外野方向深遠三壘安打,二出局,陳俊秀,三壘安打,桃猿(2) VS (3)兄弟
NA,NA,陳俊秀,2B,9,第六棒,6上,4.第六棒2B，郭嚴文:(1)B接球失誤，三壘跑者回壘得分，打者上一壘,二出局,郭嚴文,失誤,桃猿(2) VS (3)兄弟
郭嚴文,NA,NA,C,9,第七棒,6上,5.第七棒C，廖健富:一壘方向滾地球，1B接球自踩壘包，三出局,二出局,廖健富,封殺,桃猿(3) VS (3)兄弟
NA,NA,NA,SS,9,第二棒,6下,1.第二棒SS，吳東融:三振，一出局,零出局,吳東融,三振,桃猿(3) VS (3)兄弟
NA,NA,NA,LF,9,第三棒,6下,2.第三棒LF，周思齊:內野滾地球，1B接球傳給補位投手刺殺，二出局,一出局,周思齊,刺殺,桃猿(3) VS (3)兄弟
NA,NA,NA,CF,9,第四棒,6下,3.第四棒CF，張志豪:三振，三出局,二出局,張志豪,三振,桃猿(3) VS (3)兄弟
NA,NA,NA,LF,9,第八棒,7上,1.第八棒LF，藍寅侖:內野滾地球，1B接球自踩壘包刺殺，一出局,零出局,藍寅侖,刺殺,桃猿(3) VS (3)兄弟
NA,NA,NA,RF,9,第九棒,7上,2.第九棒RF，余德龍:內野滾地球，2B接球傳向一壘刺殺，二出局,一出局,余德龍,刺殺,桃猿(3) VS (3)兄弟
NA,NA,NA,3B,9,第一棒,7上,3.第一棒3B，林立:內野滾地球，3B接球傳向一壘刺殺，三出局,二出局,林立,刺殺,桃猿(3) VS (3)兄弟
NA,NA,NA,1B,9,第五棒,7下,1.第五棒1B，彭政閔:游擊方向滾地球，SS接球傳向一壘刺殺，一出局,零出局,彭政閔,刺殺,桃猿(3) VS (3)兄弟
NA,NA,NA,DH,9,第六棒,7下,2.第六棒DH，陳子豪:三振，二出局,一出局,陳子豪,三振,桃猿(3) VS (3)兄弟
NA,NA,NA,3B,9,第七棒,7下,3.第七棒3B，蘇緯達:三振，三出局,二出局,蘇緯達,三振,桃猿(3) VS (3)兄弟
NA,NA,NA,SS,9,第二棒,8上,1.第二棒SS，林承飛:內野滾地球，3B接球傳向一壘刺殺，一出局,零出局,林承飛,刺殺,桃猿(3) VS (3)兄弟
NA,NA,NA,CF,9,第三棒,8上,2.第三棒CF，王柏融:四壞球保送,一出局,王柏融,保送,桃猿(3) VS (3)兄弟
王柏融,NA,NA,DH，,9,第四棒,8上,3.第四棒DH，林泓育:內野上方飛球遭到SS接殺，二出局,一出局,林泓育,接殺,桃猿(3) VS (3)兄弟
王柏融,NA,NA,1B,9,第五棒,8上,4.第五棒1B，陳俊秀:(一壘跑者盜壘成功)三振，三出局,二出局,陳俊秀,盜壘-三振,桃猿(3) VS (3)兄弟
NA,NA,NA,C,9,第八棒,8下,1.第八棒C，王峻杰:中外野方向一壘安打,零出局,王峻杰,一壘安打,桃猿(3) VS (3)兄弟
王峻杰,NA,NA,PH,9,第九棒,8下,2.第九棒代打，陳江和:犧牲觸擊，投手下丘接球傳向一壘刺殺，一出局，一壘跑者上二壘,零出局,陳江和,犧牲觸擊,桃猿(3) VS (3)兄弟
NA,王峻杰,NA,2B,9,第一棒,8下,3.第一棒2B，王威晨:內野滾地球，1B接球自踩壘包，二出局，跑者上三壘,一出局,王威晨,封殺,桃猿(3) VS (3)兄弟
NA,NA,王峻杰,PH,9,第二棒,8下,4.第二棒代打，林書逸:三振，三出局,二出局,林書逸,三振,桃猿(3) VS (3)兄弟
NA,NA,NA,2B,9,第六棒,9上,1.第六棒2B，郭嚴文:游擊上空飛球遭到SS接殺，一出局,零出局,郭嚴文,接殺,桃猿(3) VS (3)兄弟
NA,NA,NA,C,9,第七棒,9上,2.第七棒C，廖健富:右外野飛球遭到接殺，二出局,一出局,廖健富,接殺,桃猿(3) VS (3)兄弟
NA,NA,NA,LF,9,第八棒,9上,3.第八棒LF，藍寅侖:中外野方向飛球遭到接殺，三出局,二出局,藍寅侖,接殺,桃猿(3) VS (3)兄弟
NA,NA,NA,LF,9,第三棒,9下,1.第三棒LF，周思齊:右外野飛球遭到接殺，一出局,零出局,周思齊,接殺,桃猿(3) VS (3)兄弟
NA,NA,NA,CF,9,第四棒,9下,2.第四棒CF，張志豪:中外野方向一壘安打，CF接球失誤，打者上二壘,一出局,張志豪,一壘安打-失誤,桃猿(3) VS (3)兄弟
NA,張志豪,NA,1B,9,第五棒,9下,3.第五棒1B，彭政閔:三振，二出局,一出局,彭政閔,三振,桃猿(3) VS (3)兄弟
NA,張志豪,NA,DH,9,第六棒,9下,4.第六棒DH，陳子豪:故意四壞球保送，形成一二壘有人,二出局,陳子豪,保送,桃猿(3) VS (3)兄弟
陳子豪,張志豪,NA,PH,9,第七棒,9下,5.第七棒代打，王勝偉:(投手暴投，二壘跑者上三壘)再見安打,二出局,王勝偉,投手暴投-再見安打,桃猿(3) VS (3)兄弟
NA,NA,NA,CF,10,第一棒,1上,1.第一棒CF羅國龍:揮棒落空，三振，一出局。,零出局,羅國龍,三振,統一(0) VS (0)富邦
NA,NA,NA,2B,10,第二棒,1上,2.第二棒2B吳桀睿:內野平飛球遭SS接殺，二出局。,一出局,吳桀睿,接殺,統一(0) VS (0)富邦
NA,NA,NA,LF,10,第三棒,1上,3.第三棒LF蘇智傑:揮棒落空，三振，三出局。,二出局,蘇智傑,三振,統一(0) VS (0)富邦
NA,NA,NA,RF,10,第一棒,1下,1.第一棒RF高孝儀:二壘傳一壘刺殺，一出局。,零出局,高孝儀,刺殺,統一(0) VS (0)富邦
NA,NA,NA,CF,10,第二棒,1下,2.第二棒CF林哲瑄:揮棒落空，三振，二出局。,一出局,林哲瑄,三振,統一(0) VS (0)富邦
NA,NA,NA,DH,10,第三棒,1下,3.第三棒DH胡金龍:內野平飛球遭2B接殺，三出局。,二出局,胡金龍,接殺,統一(0) VS (0)富邦
NA,NA,NA,DH,10,第四棒,2上,1.第四棒DH鄧志偉:三振，一出局。,零出局,鄧志偉,三振,統一(0) VS (0)富邦
NA,NA,NA,3B,10,第五棒,2上,2.第五棒3B陳鏞基:中外野飛球接殺，二出局。,一出局,陳鏞基,接殺,統一(0) VS (0)富邦
NA,NA,NA,RF,10,第六棒,2上,3.第六棒RF唐肇廷:二壘傳一壘刺殺，三出局。,二出局,唐肇廷,刺殺,統一(0) VS (0)富邦
NA,NA,NA,1B,10,第四棒,2下,1.第四棒1B林益全:左外野飛球接殺，一出局。,零出局,林益全,接殺,統一(0) VS (0)富邦
NA,NA,NA,LF,10,第五棒,2下,2.第五棒LF高國輝:SS傳球失誤，一壘有人。,一出局,高國輝,失誤,統一(0) VS (0)富邦
高國輝,NA,NA,3B,10,第六棒,2下,3.第六棒3B蔣智賢:(2)B傳SS刺殺一壘往二壘跑者，二出局，SS傳一壘刺殺打者，三出局。,一出局,蔣智賢,雙殺,統一(0) VS (0)富邦
NA,NA,NA,1B,10,第七棒,3上,1.第七棒1B高國慶:二壘傳一壘刺殺，一出局。,零出局,高國慶,刺殺,統一(0) VS (0)富邦
NA,NA,NA,C高,10,第八棒,3上,2.第八棒C高志綱:中外野飛球接殺，二出局。,一出局,高志綱,接殺,統一(0) VS (0)富邦
NA,NA,NA,SS,10,第九棒,3上,3.第九棒SS黃恩賜:內野平飛球遭2B接殺，三出局。,二出局,黃恩賜,接殺,統一(0) VS (0)富邦
NA,NA,NA,2B,10,第七棒,3下,1.第七棒2B林威廷:投手傳一壘刺殺，一出局。,零出局,林威廷,刺殺,統一(0) VS (0)富邦
NA,NA,NA,C,10,第八棒,3下,2.第八棒C林宥穎:四壞保送，一壘有人。,一出局,林宥穎,保送,統一(0) VS (0)富邦
林宥穎,NA,NA,SS,10,第九棒,3下,3.第九棒SS李宗賢:游擊傳二壘刺殺一壘往二壘跑者，二出局，野手選擇，一壘有人。,一出局,李宗賢,刺殺,統一(0) VS (0)富邦
李宗賢,NA,NA,RF,10,第一棒,3下,4.第一棒RF高孝儀:一壘跑者盜壘成功，二壘有人。二壘跑者盜壘成功，三壘有人。揮棒落空，三振，三出局。,二出局,高孝儀,盜壘-盜壘-三振,統一(0) VS (0)富邦
NA,NA,NA,CF,10,第一棒,4上,1.第一棒CF羅國龍:三振，一出局。,零出局,羅國龍,三振,統一(0) VS (0)富邦
NA,NA,NA,2B,10,第二棒,4上,2.第二棒2B吳桀睿:游擊傳一壘刺殺，二出局。,一出局,吳桀睿,刺殺,統一(0) VS (0)富邦
NA,NA,NA,LF,10,第三棒,4上,3.第三棒LF蘇智傑:內野上空飛球遭SS接殺，三出局。,二出局,蘇智傑,接殺,統一(0) VS (0)富邦
NA,NA,NA,CF,10,第二棒,4下,1.第二棒CF林哲瑄:游擊方向穿越安打，一壘有人。,零出局,林哲瑄,一壘安打,統一(0) VS (0)富邦
林哲瑄,NA,NA,DH,10,第三棒,4下,2.第三棒DH胡金龍:一壘跑者盜壘成功，二壘有人。四壞保送，一二壘有人。,零出局,胡金龍,盜壘-保送,統一(0) VS (0)富邦
胡金龍,林哲瑄,NA,1B,10,第四棒,4下,3.第四棒1B林益全:二壘傳一壘刺殺，一出局，二三壘有人。,零出局,林益全,刺殺,統一(0) VS (0)富邦
NA,胡金龍,林哲瑄,LF,10,第五棒,4下,4.第五棒LF高國輝:投手暴投，三壘跑者跑回本壘得分，三壘有人。四壞保送，一三壘有人。,一出局,高國輝,投手暴投-保送,統一(0) VS (0)富邦
高國輝,NA,胡金龍,3B,10,第六棒,4下,5.第六棒3B蔣智賢:二壘傳SS刺殺一壘往二壘跑者，二出局，SS傳一壘刺殺打者，三出局。,一出局,蔣智賢,雙殺,統一(0) VS (1)富邦
NA,NA,NA,DH,10,第四棒,5上,1.第四棒DH鄧志偉:左外野飛球接殺，一出局。,零出局,鄧志偉,接殺,統一(0) VS (1)富邦
NA,NA,NA,3B,10,第五棒,5上,2.第五棒3B陳鏞基:右外野飛球接殺，二出局。,一出局,陳鏞基,接殺,統一(0) VS (1)富邦
NA,NA,NA,RF,10,第六棒,5上,3.第六棒RF唐肇廷:一壘方向滾地球刺殺，三出局。,二出局,唐肇廷,刺殺,統一(0) VS (1)富邦
NA,NA,NA,2B,10,第七棒,5下,1.第七棒2B林威廷:游擊方向穿越安打，一壘有人。,零出局,林威廷,一壘安打,統一(0) VS (1)富邦
林威廷,NA,NA,C,10,第八棒,5下,2.第八棒C林宥穎:中外野平飛安打，一二壘有人。,零出局,林宥穎,一壘安打,統一(0) VS (1)富邦
林宥穎,林威廷,NA,SS,10,第九棒,5下,3.第九棒SS李宗賢:三振，一出局。,零出局,李宗賢,三振,統一(0) VS (1)富邦
林宥穎,林威廷,NA,RF,10,第一棒,5下,4.第一棒RF高孝儀:左外野飛球接殺，二出局。,一出局,高孝儀,接殺,統一(0) VS (1)富邦
林宥穎,林威廷,NA,CF,10,第二棒,5下,5.第二棒CF林哲瑄:三振，三出局。,二出局,林哲瑄,三振,統一(0) VS (1)富邦
NA,NA,NA,1B,10,第七棒,6上,1.第七棒1B高國慶:右外野飛球接殺，一出局。,零出局,高國慶,接殺,統一(0) VS (1)富邦
NA,NA,NA,C,10,第八棒,6上,2.第八棒C高志綱:界外飛球遭1B接殺，二出局。,一出局,高志綱,接殺,統一(0) VS (1)富邦
NA,NA,NA,SS,10,第九棒,6上,3.第九棒SS黃恩賜:中外野飛球接殺，三出局。,二出局,黃恩賜,接殺,統一(0) VS (1)富邦
NA,NA,NA,DH,10,第三棒,6下,1.第三棒DH胡金龍:全壘打。,零出局,胡金龍,全壘打,統一(0) VS (1)富邦
NA,NA,NA,1B,10,第四棒,6下,2.第四棒1B林益全:左外野平飛安打，LF傳三壘刺殺打者，一出局。,零出局,林益全,一壘安打-刺殺,統一(0) VS (2)富邦
NA,NA,NA,LF,10,第五棒,6下,3.第五棒LF高國輝:三振，二出局。,一出局,高國輝,三振,統一(0) VS (2)富邦
NA,NA,NA,3B,10,第六棒,6下,4.第六棒3B蔣智賢:一二壘方向穿越安打，一壘有人。,二出局,蔣智賢,一壘安打,統一(0) VS (2)富邦
蔣智賢,NA,NA,2B,10,第七棒,6下,5.第七棒2B林威廷:內野上空飛球遭SS接殺，三出局。,二出局,林威廷,接殺,統一(0) VS (2)富邦
NA,NA,NA,CF,10,第一棒,7上,1.第一棒CF羅國龍:三振，一出局。,零出局,羅國龍,三振,統一(0) VS (2)富邦
NA,NA,NA,2B,10,第二棒,7上,2.第二棒2B吳桀睿:右外野飛球接殺，二出局。,一出局,吳桀睿,接殺,統一(0) VS (2)富邦
NA,NA,NA,LF,10,第三棒,7上,3.第三棒LF蘇智傑:三振，三出局。,二出局,蘇智傑,三振,統一(0) VS (2)富邦
NA,NA,NA,C,10,第八棒,7下,1.第八棒C林宥穎:右外野飛球遭2B接殺，一出局。,零出局,林宥穎,接殺,統一(0) VS (2)富邦
NA,NA,NA,SS,10,第九棒,7下,2.第九棒SS李宗賢:三壘方向穿越安打，一壘有人。,一出局,李宗賢,一壘安打,統一(0) VS (2)富邦
李宗賢,NA,NA,RF,10,第一棒,7下,3.第一棒RF高孝儀:右外野飛球接殺，二出局。,一出局,高孝儀,接殺,統一(0) VS (2)富邦
李宗賢,NA,NA,CF,10,第二棒,7下,4.第二棒CF林哲瑄:一壘跑者盜壘成功，二壘有人。四壞保送，一二壘有人，二壘跑者跑回本壘遭刺殺，三出局。,二出局,林哲瑄,盜壘-保送-盜壘失敗,統一(0) VS (2)富邦
NA,NA,NA,DH,10,第四棒,8上,1.第四棒DH鄧志偉:一壘方向穿越安打，一壘有人。,零出局,鄧志偉,一壘安打,統一(0) VS (2)富邦
鄧志偉,NA,NA,3B,10,第五棒,8上,2.第五棒3B陳鏞基:三振，一出局。,零出局,陳鏞基,三振,統一(0) VS (2)富邦
鄧志偉,NA,NA,RF,10,第六棒,8上,3.第六棒RF唐肇廷:一壘方向穿越安打，一二壘有人。,一出局,唐肇廷,一壘安打,統一(0) VS (2)富邦
唐肇廷,鄧志偉,NA,1B,10,第七棒,8上,4.第七棒1B高國慶:三振，二出局。,一出局,高國慶,三振,統一(0) VS (2)富邦
唐肇廷,鄧志偉,NA,PH,10,第八棒,8上,5.第八棒代打潘武雄:一二壘方向穿越安打，滿壘。,二出局,潘武雄,一壘安打,統一(0) VS (2)富邦
潘武雄,唐肇廷,鄧志偉,SS,10,第九棒,8上,6.第九棒SS黃恩賜:揮棒落空，三振，三出局。,二出局,黃恩賜,三振,統一(0) VS (2)富邦
NA,NA,NA,DH,10,第三棒,8下,2.第三棒DH胡金龍:四壞保送，一壘有人。,零出局,胡金龍,保送,統一(0) VS (2)富邦
胡金龍,NA,NA,1B,10,第四棒,8下,3.第四棒1B林益全:中外野平飛安打，一二壘有人。,零出局,林益全,一壘安打,統一(0) VS (2)富邦
林益全,胡金龍,NA,LF,10,第五棒,8下,4.第五棒LF高國輝:左外野安打，二壘跑者跑回本壘得分，二三壘有人。,零出局,高國輝,二壘安打,統一(0) VS (2)富邦
NA,高國輝,林益全,3B,10,第六棒,8下,5.第六棒3B蔣智賢:左外野安打，二三壘跑者跑回本壘得分，左外野傳三壘刺殺打者，一出局。,零出局,蔣智賢,二壘安打-刺殺,統一(0) VS (3)富邦
NA,NA,NA,2B,10,第七棒,8下,6.第七棒2B林威廷:揮棒落空，三振，二出局。,一出局,林威廷,三振,統一(0) VS (5)富邦
NA,NA,NA,C,10,第八棒,8下,7.第八棒C林宥穎:右外野飛球接殺，三出局。,二出局,林宥穎,接殺,統一(0) VS (5)富邦
NA,NA,NA,PH,10,第一棒,9上,1.第一棒代打郭阜林:左外野平飛安打，一壘有人。,零出局,郭阜林,一壘安打,統一(0) VS (5)富邦
郭阜林,NA,NA,2B,10,第二棒,9上,2.第二棒2B吳桀睿:游擊方向穿越安打，一二壘有人。,零出局,吳桀睿,一壘安打,統一(0) VS (5)富邦
吳桀睿,郭阜林,NA,LF,10,第三棒,9上,3.第三棒LF蘇智傑:左外野飛球接殺，一出局。,零出局,蘇智傑,接殺,統一(0) VS (5)富邦
吳桀睿,郭阜林,NA,DH,10,第四棒,9上,4.第四棒DH鄧志偉:野手選擇，游擊傳二壘刺殺一壘往二壘跑者，二出局，一三壘有人。,一出局,鄧志偉,刺殺,統一(0) VS (5)富邦
鄧志偉,NA,郭阜林,3B,10,第五棒,9上,5.第五棒3B陳鏞基:揮棒落空，三振，三出局。,二出局,陳鏞基,三振,統一(0) VS (5)富邦
NA,NA,NA,LF,11,第一棒,1上,1.第一棒LF，藍寅倫:內野上空飛球遭到2B接殺，一出局,零出局,藍寅倫,接殺,桃猿(0) VS (0)兄弟
NA,NA,NA,3B,11,第二棒,1上,2.第二棒3B，林立:三游間穿越安打,一出局,林立,一壘安打,桃猿(0) VS (0)兄弟
林立,NA,NA,/,11,/,1上, 投手牽制一壘，跑者回壘不及，二出局,一出局,/,投手牽制,桃猿(0) VS (0)兄弟
NA,NA,NA,CF,11,第三棒,1上,3.第三棒CF，王柏融:內野滾地球，2B接球失誤，打者上一壘,二出局,王柏融,失誤,桃猿(0) VS (0)兄弟
王柏融,NA,NA,/,11,/,1上, 投手牽制一壘，跑者回壘不及，三出局,二出局,/, 投手牽制,桃猿(0) VS (0)兄弟
NA,NA,NA,2B,11,第一棒,1下,1.第一棒2B，王威晨:內野滾地球，3B接球傳向一壘刺殺，一出局,零出局,王威晨,刺殺,桃猿(0) VS (0)兄弟
NA,NA,NA,SS,11,第二棒,1下,2.第二棒SS，王勝偉:游擊方向滾地球，SS接球傳向一壘刺殺，二出局,一出局,王勝偉,刺殺,桃猿(0) VS (0)兄弟
NA,NA,NA,LF,11,第三棒,1下,3.第三棒LF，周思齊:內野滾地球，2B接球傳給補位投手刺殺，三出局,二出局,周思齊,刺殺,桃猿(0) VS (0)兄弟
NA,NA,NA,1B,11,第四棒,2上,1.第四棒1B，陳俊秀:陽春全壘打,零出局,陳俊秀,全壘打,桃猿(0) VS (0)兄弟
NA,NA,NA,2B,11,第五棒,2上,2.第五棒2B，郭嚴文:陽春全壘打,零出局,郭嚴文,全壘打,桃猿(1) VS (0)兄弟
NA,NA,NA,DH,11,第六棒,2上,3.第六棒DH，廖健富:右外野方向飛球遭到接殺，一出局,零出局,廖健富,接殺,桃猿(2) VS (0)兄弟
NA,NA,NA,SS,11,第七棒,2上,4.第七棒SS，林承飛:三振，二出局,一出局,林承飛,三振,桃猿(2) VS (0)兄弟
NA,NA,NA,C,11,第八棒,2上,5.第八棒C，劉時豪:內野滾地球，2B接球傳向一壘刺殺，三出局,二出局,劉時豪,刺殺,桃猿(2) VS (0)兄弟
NA,NA,NA,CF,11,第四棒,2下,1.第四棒CF，張志豪:三振，一出局,零出局,張志豪,三振,桃猿(2) VS (0)兄弟
NA,NA,NA,1B,11,第五棒,2下,2.第五棒1B，彭政閔:中外野方向陽春全壘打,一出局,彭政閔,全壘打,桃猿(2) VS (0)兄弟
NA,NA,NA,DH,11,第六棒,2下,3.第六棒DH，陳子豪:中外野方向一壘安打,一出局,陳子豪,一壘安打,桃猿(2) VS (1)兄弟
陳子豪,NA,NA,RF,11,第七棒,2下,4.第七棒RF，詹子賢:三游間穿越安打，形成一二壘有人,一出局,詹子賢,一壘安打,桃猿(2) VS (1)兄弟
詹子賢,陳子豪,NA,3B,11,第八棒,2下,5.第八棒3B，蘇緯達:游擊後方飛球遭到接殺，二出局,一出局,蘇緯達,接殺,桃猿(2) VS (1)兄弟
NA,NA,NA,C,11,第九棒,2下,6.第九棒C，王峻杰:(投手暴投，一二壘跑者推進至二三壘)四壞球保送，滿壘,二出局,王峻杰,投手暴投-保送,桃猿(2) VS (1)兄弟
王峻杰,詹子賢,陳子豪,2B,11,第一棒,2下,7.第一棒2B，王威晨:中外野方向飛球遭到接殺，三出局,二出局,王威晨,接殺,桃猿(2) VS (1)兄弟
NA,NA,NA,RF，,11,第九棒,3上,1.第九棒RF，詹智堯:中外野方向飛球遭到接殺，一出局,零出局,詹智堯,接殺,桃猿(2) VS (1)兄弟
NA,NA,NA,LF,11,第一棒,3上,2.第一棒LF，藍寅倫:中外野方向一壘安打,一出局,藍寅倫,一壘安打,桃猿(2) VS (1)兄弟
藍寅倫,NA,NA,3B,11,第二棒,3上,3.第二棒3B，林立:中外野深遠飛球遭到CF接殺，二出局，一壘跑者推進至二壘,一出局,林立,接殺,桃猿(2) VS (1)兄弟
NA,藍寅倫,NA,CF,11,第三棒,3上,4.第三棒CF，王柏融:四壞球保送，形成一二壘有人,二出局,王柏融,保送,桃猿(2) VS (1)兄弟
王柏融,藍寅倫,NA,1B,11,第四棒,3上,5.第四棒1B，陳俊秀:左外野方向飛球遭到接殺，三出局,二出局,陳俊秀,接殺,桃猿(2) VS (1)兄弟
NA,NA,NA,SS,11,第二棒,3下,1.第二棒SS，王勝偉:內野滾地球，3B接球傳向一壘刺殺，一出局,零出局,王勝偉,刺殺,桃猿(2) VS (1)兄弟
NA,NA,NA,LF,11,第三棒,3下,2.第三棒LF，周思齊:三振，二出局,一出局,周思齊,三振,桃猿(2) VS (1)兄弟
NA,NA,NA,CF,11,第四棒,3下,3.第四棒CF，張志豪:左外野方向深遠二壘安打,二出局,張志豪,二壘安打,桃猿(2) VS (1)兄弟
NA,張志豪,NA,1B,11,第五棒,3下,4.第五棒1B，彭政閔:四壞球保送，形成一二壘有人,二出局,彭政閔,保送,桃猿(2) VS (1)兄弟
彭政閔,張志豪,NA,DH,11,第六棒,3下,5.第六棒DH，陳子豪:內野滾地球，2B接球傳向一壘刺殺，三出局,二出局,陳子豪,刺殺,桃猿(2) VS (1)兄弟
NA,NA,NA,2B,11,第五棒,4上,1.第五棒2B，郭嚴文:內野滾地球，1B接球自踩壘包，一出局,零出局,郭嚴文,封殺,桃猿(2) VS (1)兄弟
NA,NA,NA,DH,11,第六棒,4上,2.第六棒DH，廖健富:左外野方向飛球遭到接殺，二出局,一出局,廖健富,接殺,桃猿(2) VS (1)兄弟
NA,NA,NA,SS,11,第七棒,4上,3.第七棒SS，林承飛:三振，三出局,二出局,林承飛,三振,桃猿(2) VS (1)兄弟
NA,NA,NA,RF,11,第七棒,4下,1.第七棒RF，詹子賢:內野滾地球，3B接球傳向一壘刺殺，一出局,零出局,詹子賢,刺殺,桃猿(2) VS (1)兄弟
NA,NA,NA,3B,11,第八棒,4下,2.第八棒3B，蘇緯達:中外野方向一壘安打,一出局,蘇緯達,一壘安打,桃猿(2) VS (1)兄弟
蘇緯達,NA,NA,C,11,第九棒,4下,3.第九棒C，王峻杰:三游間穿越安打，形成一二壘有人,一出局,王峻杰,一壘安打,桃猿(2) VS (1)兄弟
王峻杰,蘇緯達,NA,2B,11,第一棒,4下,4.第一棒2B，王威晨:內野滾地球，2B接球傳給補位SS，再傳一壘，形成雙殺，三出局,一出局,王威晨,雙殺,桃猿(2) VS (1)兄弟
NA,NA,NA,C,11,第八棒,5上,1.第八棒C，劉時豪:左外野方向二壘安打,零出局,劉時豪,二壘安打,桃猿(2) VS (1)兄弟
NA,劉時豪,NA,RF,11,第九棒,5上,2.第九棒RF，詹智堯:一壘方向場地安打，形成一三壘有人,零出局,詹智堯,一壘安打,桃猿(2) VS (1)兄弟
詹智堯,NA,劉時豪,LF,11,第一棒,5上,3.第一棒LF，藍寅倫:右外野方向一壘安打，帶有一分打點，一三壘有人,零出局,藍寅倫,一壘安打,桃猿(2) VS (1)兄弟
藍寅倫,NA,詹智堯,3B,11,第二棒,5上,4.第二棒3B，林立:左外野方向高飛犧牲打，一出局，帶有一分打點,零出局,林立,高飛犧牲打,桃猿(3) VS (1)兄弟
藍寅倫,NA,NA,CF,11,第三棒,5上,5.第三棒CF，王柏融:中左外野深遠二壘安打，帶有一分打點,一出局,王柏融,二壘安打,桃猿(4) VS (1)兄弟
NA,王柏融,NA,1B,11,第四棒,5上,6.第四棒1B，陳俊秀:三振，二出局,一出局,陳俊秀,三振,桃猿(5) VS (1)兄弟
NA,王柏融,NA,2B,11,第五棒,5上,7.第五棒2B，郭嚴文:中外野方向飛球遭到接殺，三出局,二出局,郭嚴文,接殺,桃猿(5) VS (1)兄弟
NA,NA,NA,SS,11,第二棒,5下,1.第二棒SS，王勝偉:游擊方向滾地球，SS接球傳向一壘刺殺，一出局,零出局,王勝偉,刺殺,桃猿(5) VS (1)兄弟
NA,NA,NA,LF,11,第三棒,5下,2.第三棒LF，周思齊:三振，二出局,一出局,周思齊,三振,桃猿(5) VS (1)兄弟
NA,NA,NA,CF,11,第四棒,5下,3.第四棒CF，張志豪:三振，三出局,二出局,張志豪,三振,桃猿(5) VS (1)兄弟
NA,NA,NA,DH,11,第六棒,6上,1.第六棒DH，廖健富:四壞球保送,零出局,廖健富,保送,桃猿(5) VS (1)兄弟
廖健富,NA,NA,SS,11,第七棒,6上,2.第七棒SS，林承飛:游擊方向滾地球，SS接球傳給2B，再傳一壘，形成雙殺，二出局,零出局,林承飛,雙殺,桃猿(5) VS (1)兄弟
NA,NA,NA,C,11,第八棒,6上,3.第八棒C，劉時豪:右外野方向二壘安打,二出局,劉時豪,二壘安打,桃猿(5) VS (1)兄弟
NA,劉時豪,NA,RF,11,第九棒,6上,4.第九棒RF，詹智堯:一壘方向滾地球，1B接球自踩壘包，三出局,二出局,詹智堯,封殺,桃猿(5) VS (1)兄弟
NA,NA,NA,1B,11,第五棒,6下,1.第五棒1B，彭政閔:中外野方向一壘安打,零出局,彭政閔,一壘安打,桃猿(5) VS (1)兄弟
彭政閔,NA,NA,DH,11,第六棒,6下,2.第六棒DH，陳子豪:一壘方向滾地球，1B接球自踩壘包，再傳二壘，形成雙殺，二出局,零出局,陳子豪,雙殺,桃猿(5) VS (1)兄弟
NA,NA,NA,RF,11,第七棒,6下,3.第七棒RF，詹子賢:三振，三出局,二出局,詹子賢,三振,桃猿(5) VS (1)兄弟
NA,NA,NA,LF,11,第一棒,7上,1.第一棒LF，藍寅倫:中外野方向一壘安打,零出局,藍寅倫,一壘安打,桃猿(5) VS (1)兄弟
藍寅倫,NA,NA,/,11,/,7上, 一壘跑者盜壘失敗，一出局,零出局,/,盜壘失敗,桃猿(5) VS (1)兄弟
NA,NA,NA,3B,11,第二棒,7上,2.第二棒3B，林立:三游間穿越安打,一出局,林立,一壘安打,桃猿(5) VS (1)兄弟
林立,NA,NA,CF,11,第三棒,7上,3.第三棒CF，王柏融:右外野方向二壘安打，帶有一分打點,一出局,王柏融,二壘安打,桃猿(5) VS (1)兄弟
NA,王柏融,NA,1B,11,第四棒,7上,4.第四棒1B，陳俊秀:三振，二出局,一出局,陳俊秀,三振,桃猿(6) VS (1)兄弟
NA,王柏融,NA,2B,11,第五棒,7上,5.第五棒2B，郭嚴文:游擊後方飛球遭到接殺，三出局,二出局,郭嚴文,接殺,桃猿(6) VS (1)兄弟
NA,NA,NA,3B,11,第八棒,7下,1.第八棒3B，蘇緯達:中右外野方向陽春全壘打,零出局,蘇緯達,全壘打,桃猿(6) VS (1)兄弟
NA,NA,NA,C,11,第九棒,7下,2.第九棒C，王峻杰:三振，一出局,零出局,王峻杰,三振,桃猿(6) VS (2)兄弟
NA,NA,NA,2B,11,第一棒,7下,3.第一棒2B，王威晨:三游間穿越安打,一出局,王威晨,一壘安打,桃猿(6) VS (2)兄弟
王威晨,NA,NA,SS,11,第二棒,7下,4.第二棒SS，王勝偉:三振，二出局,一出局,王勝偉,三振,桃猿(6) VS (2)兄弟
王威晨,NA,NA,LF,11,第三棒,7下,5.第三棒LF，周思齊:三振，三出局,二出局,周思齊,三振,桃猿(6) VS (2)兄弟
NA,NA,NA,DH,11,第六棒,8上,1.第六棒DH，廖健富:投手前滾地球，投手接球傳向一壘刺殺，一出局,零出局,廖健富,刺殺,桃猿(6) VS (2)兄弟
NA,NA,NA,SS,11,第七棒,8上,2.第七棒SS，林承飛:三振，二出局,一出局,林承飛,三振,桃猿(6) VS (2)兄弟
NA,NA,NA,C,11,第八棒,8上,3.第八棒C，劉時豪:中外野方向飛球遭到接殺，三出局,二出局,劉時豪,接殺,桃猿(6) VS (2)兄弟
NA,NA,NA,CF,11,第四棒,8下,1.第四棒CF，張志豪:四壞球保送,零出局,張志豪,保送,桃猿(6) VS (2)兄弟
張志豪,NA,NA,1B,11,第五棒,8下,2.第五棒1B，彭政閔:三振，一出局,零出局,彭政閔,三振,桃猿(6) VS (2)兄弟
張志豪,NA,NA,DH,11,第六棒,8下,3.第六棒DH，陳子豪:右外野方向一壘安打，形成一三壘有人,一出局,陳子豪,一壘安打,桃猿(6) VS (2)兄弟
陳子豪,NA,張志豪,RF,11,第七棒,8下,4.第七棒RF，詹子賢:左外野方向一壘安打，帶有一分打點，一二壘有人,一出局,詹子賢,一壘安打,桃猿(6) VS (2)兄弟
詹子賢,陳子豪,NA,3B,11,第八棒,8下,5.第八棒3B，蘇緯達:三振，二出局,一出局,蘇緯達,三振,桃猿(6) VS (3)兄弟
NA,NA,NA,C,11,第九棒,8下,6.第九棒C，王峻杰:三振，三出局,二出局,王峻杰,三振,桃猿(6) VS (3)兄弟
NA,NA,NA,RF,11,第九棒,9上,1.第九棒RF，詹智堯:內野上空飛球遭到SS接殺，一出局,零出局,詹智堯,接殺,桃猿(6) VS (3)兄弟
NA,NA,NA,LF,11,第一棒,9上,2.第一棒LF，藍寅倫:內野滾地球，2B接球傳向一壘刺殺，二出局,一出局,藍寅倫,刺殺,桃猿(6) VS (3)兄弟
NA,NA,NA,3B,11,第二棒,9上,3.第二棒3B，林立:右外野方向飛球遭到接殺，三出局,二出局,林立,接殺,桃猿(6) VS (3)兄弟
NA,NA,NA,2B,11,第一棒,9下,1.第一棒2B，王威晨:投手前滾地球，投手接球傳向一壘刺殺，一出局,零出局,王威晨,刺殺,桃猿(6) VS (3)兄弟
NA,NA,NA,SS,11,第二棒,9下,2.第二棒SS，王勝偉:三振，二出局,一出局,王勝偉,三振,桃猿(6) VS (3)兄弟
NA,NA,NA,LF,11,第三棒,9下,3.第三棒LF，周思齊:中外野方向飛球遭到接殺，三出局,二出局,周思齊,接殺,桃猿(6) VS (3)兄弟
NA,NA,NA,CF,12,第一棒,1上,1.第一棒CF羅國龍:游擊方向滾地球，SS傳球失誤，一壘有人。,零出局,羅國龍,失誤,統一(0) VS (0)富邦
羅國龍,NA,NA,2B,12,第二棒,1上,2.第二棒2B吳桀睿:一壘跑者盜壘失敗，一出局，二壘方向滾地球遭刺殺，二出局。,零出局,吳桀睿,盜壘失敗-刺殺,統一(0) VS (0)富邦
NA,NA,NA,DH,12,第三棒,1上,3.第三棒DH潘武雄:一壘方向滾地球遭到刺殺，三出局。,二出局,潘武雄,刺殺,統一(0) VS (0)富邦
NA,NA,NA,CF,12,第一棒,1下,1.第一棒CF林哲瑄:中外野方向飛球遭到接殺，一出局。,零出局,林哲瑄,接殺,統一(0) VS (0)富邦
NA,NA,NA,2B,12,第二棒,1下,2.第二棒2B陳品捷:二壘方向滾地球遭刺殺，二出局。,一出局,陳品捷,刺殺,統一(0) VS (0)富邦
NA,NA,NA,DH,12,第三棒,1下,3.第三棒DH胡金龍:右外野方向飛球遭到接殺，三出局。,二出局,胡金龍,接殺,統一(0) VS (0)富邦
NA,NA,NA,LF,12,第四棒,2上,1.第四棒LF蘇智傑:獲得四壞球保送，一壘有人。,零出局,蘇智傑,保送,統一(0) VS (0)富邦
蘇智傑,NA,NA,3B,12,第五棒,2上,2.第五棒3B陳鏞基:右外野方向平飛安打，一三壘有人。,零出局,陳鏞基,一壘安打,統一(0) VS (0)富邦
陳鏞基,NA,蘇智傑,1B,12,第六棒,2上,3.第六棒1B鄧志偉:獲得四壞球保送，形成滿壘。,零出局,鄧志偉,保送,統一(0) VS (0)富邦
鄧志偉,陳鏞基,蘇智傑,RF,12,第七棒,2上,4.第七棒RF唐肇廷:左外野方向高飛犧牲打，帶有一分打點，一出局。,零出局,唐肇廷,高飛犧牲打,統一(0) VS (0)富邦
鄧志偉,陳鏞基,NA,C,12,第八棒,2上,5.第八棒C陳重羽:投手方向彈跳球傳向二壘，一壘跑者遭到刺殺，二出局。,一出局,陳重羽,刺殺,統一(1) VS (0)富邦
陳重羽,NA,陳鏞基,SS,12,第九棒,2上,6.第九棒SS黃恩賜:游擊方向滾地球遭到刺殺，三出局。,二出局,黃恩賜,刺殺,統一(1) VS (0)富邦
NA,NA,NA,LF,12,第四棒,2下,1.第四棒LF高國輝:三壘方向平飛球遭到刺殺，一出局。,零出局,高國輝,刺殺,統一(1) VS (0)富邦
NA,NA,NA,1B,12,第五棒,2下,2.第五棒1B林益全:一壘方向穿越二壘安打，二壘有人，一出局。,一出局,林益全,二壘安打,統一(1) VS (0)富邦
NA,林益全,NA,3B,12,第六棒,2下,3.第六棒3B蔣智賢:獲得四壞球保送，一二壘有人，一出局。,一出局,蔣智賢,保送,統一(1) VS (0)富邦
蔣智賢,林益全,NA,RF,12,第七棒,2下,4.第七棒RF張正偉:遭到三振，二出局。,一出局,張正偉,三振,統一(1) VS (0)富邦
NA,NA,NA,C,12,第八棒,2下,5.第八棒C林宥穎:遭到三振，三出局。,二出局,林宥穎,三振,統一(1) VS (0)富邦
NA,NA,NA,CF,12,第一棒,3上,1.第一棒CF羅國龍:三壘方向滾地球遭到刺殺，一出局。,零出局,羅國龍,刺殺,統一(1) VS (0)富邦
NA,NA,NA,2B,12,第二棒,3上,2.第二棒2B吳桀睿:中外野方向飛球遭到接殺，二出局。,一出局,吳桀睿,接殺,統一(1) VS (0)富邦
NA,NA,NA,DH,12,第三棒,3上,3.第三棒DH潘武雄:遭到三振，三出局。,二出局,潘武雄,三振,統一(1) VS (0)富邦
NA,NA,NA,SS,12,第九棒,3下,1.第九棒SS李宗賢:左外野方向高飛球遭到接殺，一出局。,零出局,李宗賢,接殺,統一(1) VS (0)富邦
NA,NA,NA,CF,12,第一棒,3下,2.第一棒CF林哲瑄:四壞球保送，一壘有人。,一出局,林哲瑄,保送,統一(1) VS (0)富邦
林哲瑄,NA,NA,2B,12,第二棒,3下,3.第二棒2B陳品捷:中外野方向飛球遭接殺，二出局。,一出局,陳品捷,接殺,統一(1) VS (0)富邦
林哲瑄,NA,NA,DH,12,第三棒,3下,4.第三棒DH胡金龍:中外野方向飛球遭接殺，三出局。,二出局,胡金龍,接殺,統一(1) VS (0)富邦
NA,NA,NA,LF,12,第四棒,4上,1.第四棒LF蘇智傑:二壘方向穿越安打，一壘有人。,零出局,蘇智傑,一壘安打,統一(1) VS (0)富邦
蘇智傑,NA,NA,3B,12,第五棒,4上,2.第五棒3B陳鏞基:遭到三振，一出局。,零出局,陳鏞基,三振,統一(1) VS (0)富邦
蘇智傑,NA,NA,1B,12,第六棒,4上,3.第六棒1B鄧志偉:中外野方向平飛安打，一三壘有人，一出局。,一出局,鄧志偉,平飛安打,統一(1) VS (0)富邦
鄧志偉,NA,蘇智傑,CF,12,第七棒,4上,4.第七棒CF唐肇廷:一壘方向滾地球遭到刺殺，帶有一分打點，二出局。,一出局,唐肇廷,刺殺,統一(1) VS (0)富邦
NA,鄧志偉,NA,C,12,第八棒,4上,5.第八棒C陳重羽:左外野方向平飛安打，三壘跑者在本壘前方遭到刺殺，三出局。,二出局,陳重羽,一壘安打-刺殺,統一(2) VS (0)富邦
NA,NA,NA,LF,12,第四棒,4下,1.第四棒LF高國輝:遭到三振，一出局。,零出局,高國輝,三振,統一(2) VS (0)富邦
NA,NA,NA,1B,12,第五棒,4下,2.第五棒1B林益全:三壘方向高飛球遭到接殺，二出局。,一出局,林益全,接殺,統一(2) VS (0)富邦
NA,NA,NA,3B,12,第六棒,4下,3.第六棒3B蔣智賢:一壘方向滾地球遭到刺殺，三出局。,二出局,蔣智賢,刺殺,統一(2) VS (0)富邦
NA,NA,NA,SS,12,第九棒,5上,1.第九棒SS黃恩賜:三壘方向彈跳球遭到刺殺，一出局。,零出局,黃恩賜,刺殺,統一(2) VS (0)富邦
NA,NA,NA,RF,12,第一棒,5上,2.第一棒RF郭阜林:中外野方向高飛球遭到接殺，二出局。,一出局,郭阜林,接殺,統一(2) VS (0)富邦
NA,NA,NA,2B,12,第二棒,5上,3.第二棒2B吳桀睿:二壘方向滾地球遭到刺殺，三出局。,二出局,吳桀睿,刺殺,統一(2) VS (0)富邦
NA,NA,NA,RF,12,第七棒,5下,1.第七棒RF張正偉:二壘方向滾地球遭到刺殺，一出局。,零出局,張正偉,刺殺,統一(2) VS (0)富邦
NA,NA,NA,C,12,第八棒,5下,2.第八棒C林宥穎:游擊方向穿越安打，一壘有人，一出局。,一出局,林宥穎,一壘安打,統一(2) VS (0)富邦
林宥穎,NA,NA,SS,12,第九棒,5下,3.第九棒SS李宗賢:游擊方向滾地球形成雙殺，三出局。,一出局,李宗賢,雙殺,統一(2) VS (0)富邦
NA,NA,NA,DH,12,第三棒,6上,1.第三棒DH潘武雄:遭到三振，一出局。,零出局,潘武雄,三振,統一(2) VS (0)富邦
NA,NA,NA,LF,12,第四棒,6上,2.第四棒LF蘇智傑:二壘方向滾地球遭到刺殺，二出局。,一出局,蘇智傑,刺殺,統一(2) VS (0)富邦
NA,NA,NA,3B,12,第五棒,6上,3.第五棒3B陳鏞基:游擊方向滾地球內野安打，一壘有人，二出局。,二出局,陳鏞基,一壘安打,統一(2) VS (0)富邦
陳鏞基,NA,NA,1B,12,第六棒,6上,4.第六棒1B鄧志偉:遭到三振，三出局。,二出局,鄧志偉,三振,統一(2) VS (0)富邦
NA,NA,NA,CF,12,第一棒,6下,1.第一棒CF林哲瑄:右外野飛球遭接殺，一出局。,零出局,林哲瑄,接殺,統一(2) VS (0)富邦
NA,NA,NA,2B,12,第二棒,6下,2.第二棒2B陳品捷:中右外野方向平飛球落地形成安打，一壘有人，一出局。,一出局,陳品捷,一壘安打,統一(2) VS (0)富邦
陳品捷,NA,NA,DH,12,第三棒,6下,3.第三棒DH胡金龍:游擊方向安打，一三壘有人，一出局。,一出局,胡金龍,一壘安打,統一(2) VS (0)富邦
胡金龍,NA,陳品捷,LF,12,第四棒,6下,4.第四棒LF高國輝:遭到三振，一壘跑者盜壘成功，二壘有人，二出局。,一出局,高國輝,盜壘-三振,統一(2) VS (0)富邦
NA,胡金龍,陳品捷,1B,12,第五棒,6下,5.第五棒1B林益全:左外野方向高飛球遭到接殺，三出局。,二出局,林益全,接殺,統一(2) VS (0)富邦
NA,NA,NA,CF,12,第七棒,7上,1.第七棒CF唐肇廷:遭到三振，一出局。,零出局,唐肇廷,三振,統一(2) VS (0)富邦
NA,NA,NA,C,12,第八棒,7上,2.第八棒C陳重羽:遭到三振，二出局。,一出局,陳重羽,三振,統一(2) VS (0)富邦
NA,NA,NA,SS,12,第九棒,7上,3.第九棒SS黃恩賜:遭到三振，三出局。,二出局,黃恩賜,三振,統一(2) VS (0)富邦
NA,NA,NA,3B,12,第六棒,7下,1.第六棒3B蔣智賢:遭到三振，一出局。,零出局,蔣智賢,三振,統一(2) VS (0)富邦
NA,NA,NA,RF,12,第七棒,7下,2.第七棒RF張正偉:游擊方向滾地球遭到刺殺，二出局。,一出局,張正偉,刺殺,統一(2) VS (0)富邦
NA,NA,NA,C,12,第八棒,7下,3.第八棒C林宥穎:三壘方向滾地球遭到刺殺，三出局。,二出局,林宥穎,刺殺,統一(2) VS (0)富邦
NA,NA,NA,RF,12,第一棒,8上,1.第一棒RF郭阜林:左外野方向深遠安打，二壘有人。,零出局,郭阜林,二壘安打,統一(2) VS (0)富邦
NA,郭阜林,NA,2B,12,第二棒,8上,2.第二棒2B吳桀睿:二壘方向滾地球遭到刺殺，三壘有人，一出局。,零出局,吳桀睿,刺殺,統一(2) VS (0)富邦
NA,NA,郭阜林,DH,12,第三棒,8上,3.第三棒DH潘武雄:左外野方向高飛犧牲打，帶有一分打點，二出局。,一出局,潘武雄,高飛犧牲打,統一(2) VS (0)富邦
NA,NA,NA,LF,12,第四棒,8上,4.第四棒LF蘇智傑:遭到三振，三出局。,二出局,蘇智傑,三振,統一(3) VS (0)富邦
NA,NA,NA,PH,12,第九棒,8下,1.第九棒代打陳凱倫:二壘方向滾地球遭到刺殺，一出局。,零出局,陳凱倫,刺殺,統一(3) VS (0)富邦
NA,NA,NA,CF,12,第一棒,8下,2.第一棒CF林哲瑄:游擊方向高飛球遭到接殺，二出局。,一出局,林哲瑄,接殺,統一(3) VS (0)富邦
NA,NA,NA,2B,12,第二棒,8下,3.第二棒2B陳品捷:游擊方向落地球安打，一壘有人，二出局。,二出局,陳品捷,一壘安打,統一(3) VS (0)富邦
陳品捷,NA,NA,DH,12,第三棒,8下,4.第三棒DH胡金龍:二壘方向滾地球遭到刺殺，三出局。,二出局,胡金龍,刺殺,統一(3) VS (0)富邦
NA,NA,NA,3B,12,第五棒,9上,1.第五棒3B陳重廷:游擊方向滾地球形成安打，一壘有人。,零出局,陳重廷,一壘安打,統一(3) VS (0)富邦
陳重廷,NA,NA,PH,12,第六棒,9上,2.第六棒代打高國慶:左外野方向安打，二三壘有人。,零出局,高國慶,二壘安打,統一(3) VS (0)富邦
NA,高國慶,陳重廷,CF,12,第七棒,9上,3.第七棒CF唐肇廷:遭到三振，一出局。,零出局,唐肇廷,三振,統一(3) VS (0)富邦
唐肇廷,高國慶,陳重廷,C,12,第八棒,9上,4.第八棒C陳重羽:故意四壞球保送，滿壘。,一出局,陳重羽,保送,統一(3) VS (0)富邦
唐肇廷,高國慶,陳重廷,SS,12,第九棒,9上,5.第九棒SS黃恩賜:游擊方向滾地球形成雙殺，三出局。,一出局,黃恩賜,雙殺,統一(3) VS (0)富邦
NA,NA,NA,LF,12,第四棒,9下,1.第四棒LF高國輝:左外野方向平飛安打，一壘有人。,零出局,高國輝,一壘安打,統一(3) VS (0)富邦
高國輝,NA,NA,1B,12,第五棒,9下,2.第五棒1B林益全:本壘上方的高飛球遭接殺，一出局。,零出局,林益全,接殺,統一(3) VS (0)富邦
高國輝,NA,NA,3B,12,第六棒,9下,3.第六棒3B蔣智賢:右外野方向安打，一二壘有人，一出局。,一出局,蔣智賢,一壘安打,統一(3) VS (0)富邦
蔣智賢,高國輝,NA,PH,12,第七棒,9下,4.第七棒代打高孝儀:游擊方向滾地球形成雙殺，三出局。,一出局,高孝儀,雙殺,統一(3) VS (0)富邦
NA,NA,NA,LF,13,第一棒,1上,1.第一棒LF，藍寅倫:右外野方向飛球遭到接殺，一出局,零出局,藍寅倫,接殺,桃猿(0) VS (0)兄弟
NA,NA,NA,3B,13,第二棒,1上,2.第二棒3B，林立:四壞球保送,一出局,林立,保送,桃猿(0) VS (0)兄弟
林立,NA,NA,CF,13,第三棒,1上,3.第三棒CF，王柏融:三振，二出局,一出局,王柏融,三振,桃猿(0) VS (0)兄弟
林立,NA,NA,1B,13,第四棒,1上,4.第四棒1B，陳俊秀:右外野方向深遠飛球遭到接殺，三出局,二出局,陳俊秀,接殺,桃猿(0) VS (0)兄弟
NA,NA,NA,3B,13,第一棒,1下,1.第一棒3B，王威晨:中外野方向一壘安打,零出局,王威晨,一壘安打,桃猿(0) VS (0)兄弟
王威晨,NA,NA,2B，,13,第二棒,1下,2.第二棒2B，陳江和:左外野方向一壘安打,零出局,陳江和,一壘安打,桃猿(0) VS (0)兄弟
陳江和,王威晨,NA,LF,13,第三棒,1下,3.第三棒LF，周思齊:中外野方向飛球遭到接殺，一出局,零出局,周思齊,接殺,桃猿(0) VS (0)兄弟
陳江和,王威晨,NA,CF,13,第四棒,1下,4.第四棒CF，張志豪:四壞球保送，滿壘,一出局,張志豪,保送,桃猿(0) VS (0)兄弟
張志豪,陳江和,王威晨,1B,13,第五棒,1下,5.第五棒1B，彭政閔:內野滾地球，3B接球先傳二壘再傳一壘，雙殺，三出局,一出局,彭政閔,雙殺,桃猿(0) VS (0)兄弟
NA,NA,NA,2B,13,第五棒,2上,1.第五棒2B，郭嚴文:右外野方向一壘安打,零出局,郭嚴文,一壘安打,桃猿(0) VS (0)兄弟
郭嚴文,NA,NA,DH,13,第六棒,2上,2.第六棒DH，廖健富:右外野方向深遠二壘安打，1分打點,零出局,廖健富,二壘安打,桃猿(0) VS (0)兄弟
NA,廖健富,NA,SS,13,第七棒,2上,3.第七棒SS，林承飛:右外野方向飛球遭到接殺，一出局，二壘跑者推進至三壘,零出局,林承飛,接殺,桃猿(1) VS (0)兄弟
NA,NA,廖健富,C,13,第八棒,2上,4.第八棒C，劉時豪:內野滾地球，投手接球傳向一壘，二出局,一出局,劉時豪,刺殺,桃猿(1) VS (0)兄弟
NA,NA,廖健富,RF,13,第九棒,2上,5.第九棒RF，詹智堯:四壞球保送，分佔一三壘,二出局,詹智堯,保送,桃猿(1) VS (0)兄弟
詹智堯,NA,廖健富,LF,13,第一棒,2上,6.第一棒LF，藍寅倫:四壞球保送，滿壘,二出局,藍寅倫,保送,桃猿(1) VS (0)兄弟
藍寅倫,詹智堯,廖健富,3B,13,第二棒,2上,7.第二棒3B，林立:內野強勁滾地球，3B接球自踩壘包封殺，三出局,二出局,林立,封殺,桃猿(1) VS (0)兄弟
NA,NA,NA,DH,13,第六棒,2下,1.第六棒DH，陳子豪:左外野方向飛球遭到接殺，一出局,零出局,陳子豪,接殺,桃猿(1) VS (0)兄弟
NA,NA,NA,RF,13,第七棒,2下,2.第七棒RF，詹子賢:中外野方向飛球遭到接殺，二出局,一出局,詹子賢,接殺,桃猿(1) VS (0)兄弟
NA,NA,NA,C,13,第八棒,2下,3.第八棒C，王峻杰:左外野方向飛球遭到接殺，三出局,二出局,王峻杰,接殺,桃猿(1) VS (0)兄弟
NA,NA,NA,CF,13,第三棒,3上,1.第三棒CF，王柏融:四壞球保送,零出局,王柏融,保送,桃猿(1) VS (0)兄弟
王柏融,NA,NA,1B,13,第四棒,3上,2.第四棒1B，陳俊秀:左外野方向二壘安打，LF發生接球失誤，一壘跑者回壘得分，打者上三壘,零出局,陳俊秀,二壘安打-失誤,桃猿(1) VS (0)兄弟
NA,NA,陳俊秀,2B,13,第五棒,3上,3.第五棒2B，郭嚴文:四壞球保送，分佔一三壘,零出局,郭嚴文,保送,桃猿(2) VS (0)兄弟
郭嚴文,NA,陳俊秀,DH,13,第六棒,3上,4.第六棒DH，廖健富:中外野方向一壘安打，1分打點,零出局,廖健富,一壘安打,桃猿(2) VS (0)兄弟
廖健富,郭嚴文,NA,SS,13,第七棒,3上,5.第七棒SS，林承飛:內野滾地球，野手選擇，打者上一壘，形成滿壘,零出局,林承飛,野手選擇,桃猿(3) VS (0)兄弟
林承飛,廖健富,郭嚴文,C,13,第八棒,3上,6.第八棒C，劉時豪:內野滾地球，SS傳向二壘封殺，一出局，三壘跑者回壘得分，,零出局,劉時豪,封殺,桃猿(3) VS (0)兄弟
劉時豪,NA,廖健富,/,13,/,3上, 投手牽制一壘失誤，三壘跑者回壘得分，一壘跑者上三壘，,一出局,/,失誤,桃猿(4) VS (0)兄弟
劉時豪,NA,NA,RF,13,第九棒,3上,7.第九棒RF，詹智堯:三振，二出局,一出局,詹智堯,三振,桃猿(5) VS (0)兄弟
劉時豪,NA,NA,LF,13,第一棒,3上,8.第一棒LF，藍寅倫:中外野方向飛球遭到接殺，三出局,二出局,藍寅倫,接殺,桃猿(5) VS (0)兄弟
NA,NA,NA,SS,13,第九棒,3下,1.第九棒SS，王勝偉:三振，一出局,零出局,王勝偉,三振,桃猿(5) VS (0)兄弟
NA,NA,NA,3B,13,第一棒,3下,2.第一棒3B，王威晨:內野強勁小飛球遭到SS接殺，二出局,一出局,王威晨,接殺,桃猿(5) VS (0)兄弟
NA,NA,NA,2B,13,第二棒,3下,3.第二棒2B，陳江和:右外野方向一壘安打,二出局,陳江和,一壘安打,桃猿(5) VS (0)兄弟
陳江和,NA,NA,LF,13,第三棒,3下,4.第三棒LF，周思齊:右外野方向飛球遭到接殺，三出局,二出局,周思齊,接殺,桃猿(5) VS (0)兄弟
NA,NA,NA,3B,13,第二棒,4上,1.第二棒3B，林立:三振，一出局,零出局,林立,三振,桃猿(5) VS (0)兄弟
NA,NA,NA,CF,13,第三棒,4上,2.第三棒CF，王柏融:右外野方向一壘安打,一出局,王柏融,一壘安打,桃猿(5) VS (0)兄弟
王柏融,NA,NA,1B,13,第四棒,4上,3.第四棒1B，陳俊秀:左外野方向深遠二壘安打，1分打點,一出局,陳俊秀,二壘安打,桃猿(5) VS (0)兄弟
NA,陳俊秀,NA,2B,13,第五棒,4上,4.第五棒2B，郭嚴文:左外野方向飛球遭到接殺，二出局,一出局,郭嚴文,接殺,桃猿(6) VS (0)兄弟
NA,陳俊秀,NA,DH,13,第六棒,4上,5.第六棒DH，廖健富:內野飛球遭到2B接殺，三出局,二出局,廖健富,接殺,桃猿(6) VS (0)兄弟
NA,NA,NA,CF,13,第四棒,4下,1.第四棒CF，張志豪:內野滾地球，2B接球傳向一壘刺殺，一出局,零出局,張志豪,刺殺,桃猿(6) VS (0)兄弟
NA,NA,NA,PH,13,第五棒,4下,2.第五棒代打，蘇緯達:三振，二出局,一出局,蘇緯達,三振,桃猿(6) VS (0)兄弟
NA,NA,NA,DH,13,第六棒,4下,3.第六棒DH，陳子豪:三振，三出局,二出局,陳子豪,三振,桃猿(6) VS (0)兄弟
NA,NA,NA,SS,13,第七棒,5上,1.第七棒SS，林承飛:左外野方向陽春全壘打,零出局,林承飛,全壘打,桃猿(6) VS (0)兄弟
NA,NA,NA,C,13,第八棒,5上,2.第八棒C，劉時豪:左外野方向二壘安打,零出局,劉時豪,二壘安打,桃猿(7) VS (0)兄弟
NA,劉時豪,NA,RF,13,第九棒,5上,3.第九棒RF，詹智堯:左外野方向飛球遭到接殺，一出局,零出局,詹智堯,接殺,桃猿(7) VS (0)兄弟
NA,劉時豪,NA,LF,13,第一棒,5上,4.第一棒LF，藍寅倫:內野滾地球，1B接球自踩壘包，二出局，跑者上三壘,一出局,藍寅倫,封殺,桃猿(7) VS (0)兄弟
NA,NA,劉時豪,3B,13,第二棒,5上,5.第二棒3B，林立:左外野方向全壘打，2分打點,二出局,林立,全壘打,桃猿(7) VS (0)兄弟
NA,NA,NA,CF,13,第三棒,5上,6.第三棒CF，王柏融:右外野方向二壘安打,二出局,王柏融,二壘安打,桃猿(9) VS (0)兄弟
NA,王柏融,NA,1B,13,第四棒,5上,7.第四棒1B，陳俊秀:內野滾地球，3B接球傳向一壘刺殺，三出局,二出局,陳俊秀,刺殺,桃猿(9) VS (0)兄弟
NA,NA,NA,RF,13,第七棒,5下,1.第七棒RF，詹子賢:中外野方向陽春全壘打,零出局,詹子賢,全壘打,桃猿(9) VS (0)兄弟
NA,NA,NA,C,13,第八棒,5下,2.第八棒C，王峻杰:三振，一出局,零出局,王峻杰,三振,桃猿(9) VS (1)兄弟
NA,NA,NA,SS,13,第九棒,5下,3.第九棒SS，王勝偉:內野滾地球，3B接球傳向一壘刺殺，二出局,一出局,王勝偉,刺殺,桃猿(9) VS (1)兄弟
NA,NA,NA,3B,13,第一棒,5下,4.第一棒3B，王威晨:中外野方向飛球遭到接殺，三出局,二出局,王威晨,接殺,桃猿(9) VS (1)兄弟
NA,NA,NA,2B,13,第五棒,6上,1.第五棒2B，郭嚴文:內野滾地球，2B接球傳向一壘刺殺，一出局,零出局,郭嚴文,刺殺,桃猿(9) VS (1)兄弟
NA,NA,NA,DH,13,第六棒,6上,2.第六棒DH，廖健富:右外野方向一壘安打,一出局,廖健富,一壘安打,桃猿(9) VS (1)兄弟
廖健富,NA,NA,SS,13,第七棒,6上,3.第七棒SS，林承飛:三壘方向內野安打，分佔一二壘,一出局,林承飛,一壘安打,桃猿(9) VS (1)兄弟
林承飛,廖健富,NA,C,13,第八棒,6上,4.第八棒C，劉時豪:右外野方向一壘安打，滿壘,一出局,劉時豪,一壘安打,桃猿(9) VS (1)兄弟
劉時豪,林承飛,廖健富,PH,13,第九棒,6上,5.第九棒代打，鍾承祐:游擊後方一壘安打，2分打點,一出局,鍾承祐,一壘安打,桃猿(9) VS (1)兄弟
鍾承祐,劉時豪,NA,LF,13,第一棒,6上,6.第一棒LF，藍寅倫:外野飛球遭到接殺，二出局,一出局,藍寅倫,接殺,桃猿(11) VS (1)兄弟
鍾承祐,劉時豪,NA,3B,13,第二棒,6上,7.第二棒3B，林立:中外野方向飛球遭到接殺，三出局,二出局,林立,接殺,桃猿(11) VS (1)兄弟
NA,NA,NA,2B,13,第二棒,6下,1.第二棒2B，陳江和:左外野界外飛球遭到接殺，一出局,零出局,陳江和,接殺,桃猿(11) VS (1)兄弟
NA,NA,NA,LF,13,第三棒,6下,2.第三棒LF，林書逸:內野滾地球，2B接球傳向一壘刺殺，二出局,一出局,林書逸,刺殺,桃猿(11) VS (1)兄弟
NA,NA,NA,CF,13,第四棒,6下,3.第四棒CF，張志豪:中外野方向飛球遭到接殺，三出局,二出局,張志豪,接殺,桃猿(11) VS (1)兄弟
NA,NA,NA,CF,13,第三棒,7上,1.第三棒CF，王柏融:內野滾地球，1B接球傳給補位投手刺殺，一出局,零出局,王柏融,刺殺,桃猿(11) VS (1)兄弟
NA,NA,NA,PH,13,第四棒,7上,2.第四棒代打，朱育賢:內野滾地球，2B接球失誤，打者上一壘,一出局,朱育賢,失誤,桃猿(11) VS (1)兄弟
朱育賢,NA,NA,2B,13,第五棒,7上,3.第五棒2B，郭嚴文:三振，二出局,一出局,郭嚴文,三振,桃猿(11) VS (1)兄弟
朱育賢,NA,NA,DH,13,第六棒,7上,4.第六棒DH，廖健富:觸身球保送，分佔一二壘,二出局,廖健富,觸身,桃猿(11) VS (1)兄弟
廖健富,朱育賢,NA,SS,13,第七棒,7上,5.第七棒SS，林承飛:右外野方向一壘安打，1分打點,二出局,林承飛,一壘安打,桃猿(11) VS (1)兄弟
林承飛,廖健富,NA,C,13,第八棒,7上,6.第八棒C，劉時豪:右外野方向飛球遭到接殺，三出局,二出局,劉時豪,接殺,桃猿(12) VS (1)兄弟
NA,NA,NA,1B,13,第五棒,7下,1.第五棒1B，蘇緯達:四壞球保送,零出局,蘇緯達,保送,桃猿(12) VS (1)兄弟
蘇緯達,NA,NA,DH,13,第六棒,7下,2.第六棒DH，陳子豪:左外野方向一壘安打，分佔一二壘,零出局,陳子豪,一壘安打,桃猿(12) VS (1)兄弟
陳子豪,蘇緯達,NA,RF，,13,第七棒,7下,3.第七棒RF，詹子賢:內野滾地球，2B接球先傳二壘再傳一壘，雙殺，二出局，二壘跑者上三壘,零出局,詹子賢,雙殺,桃猿(12) VS (1)兄弟
NA,NA,蘇緯達,C,13,第八棒,7下,4.第八棒C，吳明鴻:內野滾地球，2B接球傳向一壘，三出局,二出局,吳明鴻,刺殺,桃猿(12) VS (1)兄弟
NA,NA,NA,RF,13,第九棒,8上,1.第九棒RF，鍾承祐:三振，一出局,零出局,鍾承祐,三振,桃猿(12) VS (1)兄弟
NA,NA,NA,LF,13,第一棒,8上,2.第一棒LF，藍寅倫:內野上方飛球遭到SS接殺，二出局,一出局,藍寅倫,接殺,桃猿(12) VS (1)兄弟
NA,NA,NA,PH,13,第二棒,8上,3.第二棒代打，林智平:右外野方向一壘安打,二出局,林智平,一壘安打,桃猿(12) VS (1)兄弟
林智平,NA,NA,CF,13,第三棒,8上,4.第三棒CF，王柏融:三振，三出局,二出局,王柏融,三振,桃猿(12) VS (1)兄弟
NA,NA,NA,SS,13,第九棒,8下,1.第九棒SS，吳東融:四壞球保送,零出局,吳東融,保送,桃猿(12) VS (1)兄弟
吳東融,NA,NA,1B,13,第一棒,8下,2.第一棒1B，曾陶鎔:三振，一出局,零出局,曾陶鎔,三振,桃猿(12) VS (1)兄弟
NA,NA,NA,2B,13,第二棒,8下,3.第二棒2B，陳江和:內野滾地球，3B接球傳向一壘刺殺，二出局,一出局,陳江和,刺殺,桃猿(12) VS (1)兄弟
吳東融,NA,NA,LF,13,第三棒,8下,4.第三棒LF，林書逸:四壞球保送,二出局,林書逸,保送,桃猿(12) VS (1)兄弟
林書逸,吳東融,NA,CF,13,第四棒,8下,5.第四棒CF，張志豪:右外野方向一壘安打，1分打點,二出局,張志豪,一壘安打,桃猿(12) VS (1)兄弟
張志豪,林書逸,NA,1B,13,第五棒,8下,6.第五棒1B，蘇緯達:中外野方向飛球遭到接殺，三出局,二出局,蘇緯達,接殺,桃猿(12) VS (2)兄弟
NA,NA,NA,1B,13,第四棒,9上,1.第四棒1B，朱育賢:四壞球保送,零出局,朱育賢,保送,桃猿(12) VS (2)兄弟
朱育賢,NA,NA,2B,13,第五棒,9上,2.第五棒2B，郭嚴文:內野滾地球，1B接球傳給補位的投手刺殺，一出局，一壘跑者上二壘,零出局,郭嚴文,刺殺,桃猿(12) VS (2)兄弟
NA,朱育賢,NA,DH,13,第六棒,9上,3.第六棒DH，廖健富:左外野方向飛球遭到接殺，二出局,一出局,廖健富,接殺,桃猿(12) VS (2)兄弟
NA,朱育賢,NA,SS,13,第七棒,9上,4.第七棒SS，郭永維:三振，三出局,二出局,郭永維,三振,桃猿(12) VS (2)兄弟
NA,NA,NA,DH,13,第六棒,9下,1.第六棒DH，陳子豪:游擊方向內野安打,零出局,陳子豪,一壘安打,桃猿(12) VS (2)兄弟
陳子豪,NA,NA,RF,13,第七棒,9下,2.第七棒RF，詹子賢:(投手暴投，一壘跑者上二壘)三振，一出局,零出局,詹子賢,投手暴投-三振,桃猿(12) VS (2)兄弟
NA,陳子豪,NA,C,13,第八棒,9下,3.第八棒C，吳明鴻:三振，二出局,一出局,吳明鴻,三振,桃猿(12) VS (2)兄弟
NA,陳子豪,NA,SS,13,第九棒,9下,4.第九棒SS，吳東融:內野滾地球，3B接球傳向一壘刺殺，三出局,二出局,吳東融,刺殺,桃猿(12) VS (2)兄弟
NA,NA,NA,2B,14,第一棒,1上,1.第一棒2B吳桀睿:遭到觸身球保送，一壘有人。,零出局,吳桀睿,觸身,統一(2) VS (0)桃猿
吳桀睿,NA,NA,DH,14,第二棒,1上,2.第二棒DH潘武雄:左外野安打，一二壘有人。,零出局,潘武雄,一壘安打,統一(2) VS (0)桃猿
潘武雄,吳桀睿,NA,LF,14,第三棒,1上,3.第三棒LF蘇智傑:左外野飛球遭到接殺，一出局。,零出局,蘇智傑,接殺,統一(2) VS (0)桃猿
潘武雄,吳桀睿,NA,1B,14,第四棒,1上,4.第四棒1B鄧志偉:三壘滾地球形成雙殺，三出局。,二出局,鄧志偉,雙殺,統一(2) VS (0)桃猿
NA,NA,NA,LF,14,第一棒,1下,1.第一棒LF藍寅倫:一壘滾地球遭到刺殺，一出局。,零出局,藍寅倫,刺殺,統一(2) VS (0)桃猿
NA,NA,NA,3B,14,第二棒,1下,2.第二棒3B林立:遭到三振，二出局。,一出局,林立,三振,統一(2) VS (0)桃猿
NA,NA,NA,CF,14,第三棒,1下,3.第三棒CF王柏融:右外野安打，一壘有人。,二出局,王柏融,一壘有安打,統一(2) VS (0)桃猿
王柏融,NA,NA,/,14,/,1下, 王柏融盜壘失敗，三出局。,二出局,/,盜壘失敗,統一(2) VS (0)桃猿
NA,NA,NA,3B,14,第五棒,2上,1.第五棒3B郭阜林:三壘線邊穿越二壘安打，二壘有人。,零出局,郭阜林,二壘安打,統一(2) VS (0)桃猿
NA,郭阜林,NA,RF,14,第六棒,2上,2.第六棒RF鄭鎧文:遭到三振，一出局。,零出局,鄭鎧文,三振,統一(2) VS (0)桃猿
NA,郭阜林,NA,CF,14,第七棒,2上,3.第七棒CF唐肇廷:三游間穿越安打，一三壘有人。,一出局,唐肇廷,一壘安打,統一(2) VS (0)桃猿
唐肇廷,NA,郭阜林,C,14,第八棒,2上,4.第八棒C陳重羽:二壘飛球遭到接殺，二出局。,一出局,陳重羽,接殺,統一(2) VS (0)桃猿
唐肇廷,NA,郭阜林,SS,14,第九棒,2上,5.第九棒SS黃恩賜:遭到三振，三出局。,二出局,黃恩賜,三振,統一(2) VS (0)桃猿
NA,NA,NA,1B,14,第四棒,2下,1.第四棒1B陳俊秀:遭到三振，一出局。,零出局,陳俊秀,三振,統一(2) VS (0)桃猿
NA,NA,NA,2B,14,第五棒,2下,2.第五棒2B郭嚴文:遭到三振，二出局。,一出局,郭嚴文,三振,統一(2) VS (0)桃猿
NA,NA,NA,DH,14,第六棒,2下,3.第六棒DH林泓育:遭到三振，三出局。,二出局,林泓育,三振,統一(2) VS (0)桃猿
NA,NA,NA,2B,14,第一棒,3上,1.第一棒2B吳桀睿:遭到三振，一出局。,零出局,吳桀睿,三振,統一(2) VS (0)桃猿
NA,NA,NA,DH,14,第二棒,3上,2.第二棒DH潘武雄:二壘滾地球遭到刺殺，二出局。,一出局,潘武雄,刺殺,統一(2) VS (0)桃猿
NA,NA,NA,LF,14,第三棒,3上,3.第三棒LF蘇智傑:遭到三振，三出局。,二出局,蘇智傑,三振,統一(2) VS (0)桃猿
NA,NA,NA,C,14,第七棒,3下,1.第七棒C廖健富:遭到三振，一出局。,零出局,廖健富,三振,統一(2) VS (0)桃猿
NA,NA,NA,SS,14,第八棒,3下,2.第八棒SS林承飛:中外野飛球遭到接殺，二出局。,一出局,林承飛,接殺,統一(2) VS (0)桃猿
NA,NA,NA,RF,14,第九棒,3下,3.第九棒RF詹智堯:一二壘間穿越安打，一壘有人。,二出局,詹智堯,一壘安打,統一(2) VS (0)桃猿
詹智堯,NA,NA,LF,14,第一棒,3下,4.第一棒LF藍寅倫:中外野飛球遭到接殺，三出局。,二出局,藍寅倫,接殺,統一(2) VS (0)桃猿
NA,NA,NA,1B,14,第四棒,4上,1.第四棒1B鄧志偉:右外野二壘安打，二壘有人。,零出局,鄧志偉,二壘安打,統一(2) VS (0)桃猿
NA,鄧志偉,NA,3B,14,第五棒,4上,2.第五棒3B郭阜林:獲得四壞球保送，一二壘有人。,零出局,郭阜林,保送,統一(2) VS (0)桃猿
郭阜林,鄧志偉,NA,RF,14,第六棒,4上,3.第六棒RF鄭鎧文:游擊滾地球形成雙殺，三壘有人，二出局。,零出局,鄭鎧文,雙殺,統一(2) VS (0)桃猿
NA,NA,鄧志偉,CF,14,第七棒,4上,4.第七棒CF唐肇廷:獲得四壞球保送，一三壘有人。,二出局,唐肇廷,保送,統一(2) VS (0)桃猿
唐肇廷,NA,鄧志偉,C,14,第八棒,4上,5.第八棒C陳重羽:遭到三振，三出局。,二出局,陳重羽,三振,統一(2) VS (0)桃猿
NA,NA,NA,3B,14,第二棒,4下,1.第二棒3B林立:一二壘間穿越安打，一壘有人。,零出局,林立,一壘安打,統一(2) VS (0)桃猿
林立,NA,NA,CF,14,第三棒,4下,2.第三棒CF王柏融:游擊後方飛球遭到接殺，一出局。,零出局,王柏融,接殺,統一(2) VS (0)桃猿
林立,NA,NA,1B,14,第四棒,4下,3.第四棒1B陳俊秀:右外野飛球遭到接殺，二出局。,一出局,陳俊秀,接殺,統一(2) VS (0)桃猿
林立,NA,NA,2B,14,第五棒,4下,4.第五棒2B郭嚴文:中間方向穿越安打，一二壘有人。,二出局,郭嚴文,一壘安打,統一(2) VS (0)桃猿
郭嚴文,林立,NA,DH,14,第六棒,4下,5.第六棒DH林泓育:遭到三振，三出局。,二出局,林泓育,三振,統一(2) VS (0)桃猿
NA,NA,NA,SS,14,第九棒,5上,1.第九棒SS黃恩賜:遭到三振，一出局。,零出局,黃恩賜,三振,統一(2) VS (0)桃猿
NA,NA,NA,2B,14,第一棒,5上,2.第一棒2B吳桀睿:右外野飛球遭到接殺，二出局。,一出局,吳桀睿,接殺,統一(2) VS (0)桃猿
NA,NA,NA,DH,14,第二棒,5上,3.第二棒DH潘武雄:獲得四壞球保送，一壘有人。,二出局,潘武雄,保送,統一(2) VS (0)桃猿
潘武雄,NA,NA,LF,14,第三棒,5上,4.第三棒LF蘇智傑:右外野全壘打，帶有兩分打點。,二出局,蘇智傑,全壘打,統一(2) VS (0)桃猿
NA,NA,NA,1B,14,第四棒,5上,5.第四棒1B鄧志偉:遭到三振，三出局。,二出局,鄧志偉,三振,統一(2) VS (0)桃猿
NA,NA,NA,C,14,第七棒,5下,1.第七棒C廖健富:左外野飛球遭到接殺，一出局。,零出局,廖健富,接殺,統一(2) VS (0)桃猿
NA,NA,NA,SS,14,第八棒,5下,2.第八棒SS林承飛:左外野安打，一壘有人。,一出局,林承飛,一壘安打,統一(2) VS (0)桃猿
林承飛,NA,NA,RF,14,第九棒,5下,3.第九棒RF詹智堯:二壘滾地球遭到刺殺，推進壘上跑者，二壘有人，二出局。,一出局,詹智堯,刺殺,統一(2) VS (0)桃猿
NA,林承飛,NA,LF,14,第一棒,5下,4.第一棒LF藍寅倫:三游間穿越安打，帶有一分打點，一壘有人。,二出局,藍寅倫,一壘安打,統一(2) VS (0)桃猿
藍寅倫,NA,NA,3B,14,第二棒,5下,5.第二棒3B林立:遭到三振，三出局。,二出局,林立,三振,統一(2) VS (1)桃猿
NA,NA,NA,3B,14,第五棒,6上,1.第五棒3B郭阜林:遭到三振，一出局。,零出局,郭阜林,三振,統一(2) VS (1)桃猿
NA,NA,NA,RF,14,第六棒,6上,2.第六棒RF鄭鎧文:二壘後方飛球遭到接殺，二出局。,一出局,鄭鎧文,接殺,統一(2) VS (1)桃猿
NA,NA,NA,CF,14,第七棒,6上,3.第七棒CF唐肇廷:二壘滾地球遭到刺殺，三出局。,二出局,唐肇廷,刺殺,統一(2) VS (1)桃猿
NA,NA,NA,CF,14,第三棒,6下,1.第三棒CF王柏融:左外野飛球遭到接殺，一出局。,零出局,王柏融,接殺,統一(2) VS (1)桃猿
NA,NA,NA,1B,14,第四棒,6下,2.第四棒1B陳俊秀:中外野飛球遭到接殺，二出局。,一出局,陳俊秀,接殺,統一(2) VS (1)桃猿
NA,NA,NA,2B,14,第五棒,6下,3.第五棒2B郭嚴文:游擊滾地球遭到刺殺，三出局。,二出局,郭嚴文,刺殺,統一(2) VS (1)桃猿
NA,NA,NA,C,14,第八棒,7上,1.第八棒C陳重羽:右外野安打，一壘有人。,零出局,陳重羽,一壘安打,統一(2) VS (1)桃猿
陳重羽,NA,NA,SS,14,第九棒,7上,2.第九棒SS黃恩賜:二壘滾地球遭到刺殺，推進壘上跑者，二壘有人，一出局。,零出局,黃恩賜,刺殺,統一(2) VS (1)桃猿
NA,陳重羽,NA,2B,14,第一棒,7上,3.第一棒2B吳桀睿:中外野安打，一三壘有人。,一出局,吳桀睿,一壘安打,統一(2) VS (1)桃猿
吳桀睿,NA,陳重羽,DH,14,第二棒,7上,4.第二棒DH潘武雄:中外野飛球形成高飛犧牲打，帶有一分打點，一壘有人，二出局。,一出局,潘武雄,高飛犧牲打,統一(2) VS (1)桃猿
吳桀睿,NA,NA,LF,14,第三棒,7上,5.第三棒LF蘇智傑:遭到三振，三出局。,二出局,蘇智傑,三振,統一(3) VS (1)桃猿
NA,NA,NA,DH,14,第六棒,7下,1.第六棒DH林泓育:內野飛球遭到3B接殺，一出局。,零出局,林泓育,接殺,統一(3) VS (1)桃猿
NA,NA,NA,C,14,第七棒,7下,2.第七棒C廖健富:右外野全壘打，帶有一分打點。,一出局,廖健富,全壘打,統一(3) VS (1)桃猿
NA,NA,NA,SS,14,第八棒,7下,3.第八棒SS林承飛:遭到三振，二出局。,一出局,林承飛,三振,統一(3) VS (2)桃猿
NA,NA,NA,RF,14,第九棒,7下,4.第九棒RF詹智堯:獲得四壞球保送，一壘有人。,二出局,詹智堯,保送,統一(3) VS (2)桃猿
詹智堯,NA,NA,LF,14,第一棒,7下,5.第一棒LF藍寅倫:中外野飛球遭到接殺，三出局。,二出局,藍寅倫,接殺,統一(3) VS (2)桃猿
NA,NA,NA,1B,14,第四棒,8上,1.第四棒1B鄧志偉:遭到三振，一出局。,零出局,鄧志偉,三振,統一(3) VS (2)桃猿
NA,NA,NA,3B,14,第五棒,8上,2.第五棒3B郭阜林:右外野二壘安打，二壘有人。,一出局,郭阜林,二壘安打,統一(3) VS (2)桃猿
NA,郭阜林,NA,RF,14,第六棒,8上,3.第六棒RF鄭鎧文:遭到三振，二出局。,一出局,鄭鎧文,三振,統一(3) VS (2)桃猿
NA,郭阜林,NA,CF,14,第七棒,8上,4.第七棒CF唐肇廷:右外野安打，帶有一分打點，一壘有人。,二出局,唐肇廷,一壘安打,統一(3) VS (2)桃猿
唐肇廷,NA,NA,C,14,第八棒,8上,5.第八棒C陳重羽:遭到三振，三出局。,二出局,陳重羽,三振,統一(4) VS (2)桃猿
NA,NA,NA,3B,14,第二棒,8下,1.第二棒3B林立:遭到三振，一出局。,零出局,林立,三振,統一(4) VS (2)桃猿
NA,NA,NA,CF,14,第三棒,8下,2.第三棒CF王柏融:游擊後方飛球遭到接殺，二出局。,一出局,王柏融,接殺,統一(4) VS (2)桃猿
NA,NA,NA,1B,14,第四棒,8下,3.第四棒1B陳俊秀:遭到三振，三出局。,二出局,陳俊秀,三振,統一(4) VS (2)桃猿
NA,NA,NA,SS,14,第九棒,9上,1.第九棒SS黃恩賜:獲得四壞球保送，一壘有人。,零出局,黃恩賜,保送,統一(4) VS (2)桃猿
黃恩賜,NA,NA,2B,14,第一棒,9上,2.第一棒2B吳桀睿:一二壘間穿越安打，一二壘有人。,零出局,吳桀睿,一壘安打,統一(4) VS (2)桃猿
吳桀睿,黃恩賜,NA,DH,14,第二棒,9上,3.第二棒DH潘武雄:右外野二壘安打，帶有兩分打點，二壘有人。,零出局,潘武雄,二壘安打,統一(4) VS (2)桃猿
NA,潘武雄,NA,LF,14,第三棒,9上,4.第三棒LF蘇智傑:中外野飛球遭到接殺，推進壘上跑者，三壘有人，一出局。,零出局,蘇智傑,接殺,統一(6) VS (2)桃猿
NA,NA,潘武雄,1B,14,第四棒,9上,5.第四棒1B高國慶:中外野安打，帶有一分打點，一壘有人。,一出局,高國慶,一壘安打,統一(6) VS (2)桃猿
高國慶,NA,NA,3B,14,第五棒,9上,6.第五棒3B陳重廷:右外野飛球遭到接殺，二出局。,一出局,陳重廷,接殺,統一(7) VS (2)桃猿
高國慶,NA,NA,RF,14,第六棒,9上,7.第六棒RF鄭鎧文:左外野二壘安打，二三壘有人。,二出局,鄭鎧文,二壘安打,統一(7) VS (2)桃猿
NA,鄭鎧文,高國慶,CF,14,第七棒,9上,8.第七棒CF唐肇廷:一壘滾地球遭到刺殺，三出局。,二出局,唐肇廷,刺殺,統一(7) VS (2)桃猿
NA,NA,NA,2B,14,第五棒,9下,1.第五棒2B郭嚴文:遭到三振，一出局。,零出局,郭嚴文,三振,統一(7) VS (2)桃猿
NA,NA,NA,PH,14,第六棒,9下,2.第六棒PH劉時豪:獲得四壞球保送，一壘有人。,一出局,劉時豪,保送,統一(7) VS (2)桃猿
劉時豪,NA,NA,C,14,第七棒,9下,3.第七棒C廖健富:右外野全壘打，帶有兩分打點。,一出局,廖健富,全壘打,統一(7) VS (2)桃猿
NA,NA,NA,PH,14,第八棒,9下,4.第八棒PH朱育賢:遭到三振，二出局。,一出局,朱育賢,三振,統一(7) VS (4)桃猿
NA,NA,NA,RF,14,第九棒,9下,5.第九棒RF詹智堯:獲得四壞球保送，一壘有人。,二出局,詹智堯,保送,統一(7) VS (4)桃猿
詹智堯,NA,NA,LF,14,第一棒,9下,6.第一棒LF藍寅倫:獲得四壞球保送，一二壘有人。,二出局,藍寅倫,保送,統一(7) VS (4)桃猿
藍寅倫,詹智堯,NA,3B,14,第二棒,9下,7.第二棒3B林立:獲得四壞球保送，攻占滿壘。,二出局,林立,保送,統一(7) VS (4)桃猿
林立,藍寅倫,詹智堯,CF,14,第三棒,9下,8.第三棒CF王柏融:左外野安打，帶有兩分打點，一二壘有人。,二出局,王柏融,一壘安打,統一(7) VS (4)桃猿
王柏融,林立,NA,1B,14,第四棒,9下,9.第四棒1B陳俊秀:左外野安打，帶有一分打點，王柏融上三壘遭到觸殺，三出局。,二出局,陳俊秀,二壘安打-觸殺,統一(7) VS (6)桃猿
NA,NA,NA,C,14,第八棒,10上,1.第八棒C陳重羽:遭到三振，一出局。,二出局,陳重羽,三振,統一(7) VS (7)桃猿
NA,NA,NA,SS,14,第九棒,10上,2.第九棒SS黃恩賜:界外飛球遭到1B接殺，二出局。,一出局,黃恩賜,接殺,統一(7) VS (7)桃猿
NA,NA,NA,2B,14,第一棒,10上,3.第一棒2B吳桀睿:三游間穿越安打，一壘有人。,二出局,吳桀睿,一壘安打,統一(7) VS (7)桃猿
吳桀睿,NA,NA,DH,14,第二棒,10上,4.第二棒DH潘武雄:內野安打，一二壘有人。,二出局,潘武雄,一壘安打,統一(7) VS (7)桃猿
潘武雄,吳桀睿,NA,LF,14,第三棒,10上,5.第三棒LF蘇智傑:二壘滾地球遭到刺殺，三出局。,二出局,蘇智傑,刺殺,統一(7) VS (7)桃猿
NA,NA,NA,2B,14,第五棒,10下,1.第五棒2B郭嚴文:中外野安打，一壘有人。,二出局,郭嚴文,一壘安打,統一(7) VS (7)桃猿
郭嚴文,NA,NA,DH,14,第六棒,10下,2.第六棒DH劉時豪:觸擊成功，二壘有人，一出局。,二出局,劉時豪,犧牲觸擊,統一(7) VS (7)桃猿
NA,郭嚴文,NA,C,14,第七棒,10下,3.第七棒C廖健富:獲得敬遠四壞球保送，一二壘有人。,一出局,廖健富,保送,統一(7) VS (7)桃猿
廖健富,郭嚴文,NA,PH,14,第八棒,10下,4.第八棒PH林智平:右外野再見安打，帶有一分打點。,一出局,林智平,一壘安打,統一(7) VS (7)桃猿
NA,NA,NA,2B,15,第一棒,1上,1.第一棒2B王威晨:一壘方向穿越安打，一壘有人。,零出局,王威晨,一壘安打,兄弟(0) VS (0)富邦
王威晨,NA,NA,SS,15,第二棒,1上,2.第二棒SS吳東融:犧牲觸擊，打者遭到刺殺。一出局，二壘有人。,零出局,吳東融,犧牲觸擊,兄弟(0) VS (0)富邦
NA,王威晨,NA,LF,15,第三棒,1上,3.第三棒LF周思齊:中外野飛球遭到接殺，二出局，二壘有人。,一出局,周思齊,接殺,兄弟(0) VS (0)富邦
NA,NA,NA,CF,15,第四棒,1上,4.第四棒CF張志豪:遭到三振，三出局。,二出局,張志豪,三振,兄弟(0) VS (0)富邦
NA,NA,NA,2B,15,第一棒,1下,1.第一棒2B陳品捷:游擊方向滾地球，造成SS失誤。一壘有人。,零出局,陳品捷,失誤,兄弟(0) VS (0)富邦
陳品捷,NA,NA,DH,15,第二棒,1下,2.第二棒DH胡金龍:一壘跑者盜壘失敗，打者遭到三振，二出局。,零出局,胡金龍,盜壘失敗-三振,兄弟(0) VS (0)富邦
NA,NA,NA,CF,15,第三棒,1下,3.第三棒CF林哲瑄:遭到三振，三出局。,二出局,林哲瑄,三振,兄弟(0) VS (0)富邦
NA,NA,NA,1B,15,第五棒,2上,1.第五棒1B彭政閔:游擊方向滾地球遭到刺殺，一出局。,零出局,彭政閔,刺殺,兄弟(0) VS (0)富邦
陳子豪,NA,NA,DH,15,第六棒,2上,2.第六棒DH陳子豪:四壞球保送，一壘有人，一出局。,一出局,陳子豪,保送,兄弟(0) VS (0)富邦
陳子豪,NA,NA,RF,15,第七棒,2上,3.第七棒RF詹子賢:中外野方向飛球遭到接殺，二出局。,一出局,詹子賢,接殺,兄弟(0) VS (0)富邦
NA,陳子豪,NA,C,15,第八棒,2上,4.第八棒C王峻杰:一壘跑者盜壘成功，打者遭到三振，三出局。,二出局,王峻杰,盜壘-三振,兄弟(0) VS (0)富邦
NA,NA,NA,1B,15,第四棒,2下,1.第四棒1B林益全:三壘方向滾地球遭到刺殺，一出局。,零出局,林益全,刺殺,兄弟(0) VS (0)富邦
NA,NA,NA,3B,15,第五棒,2下,2.第五棒3B蔣智賢:二壘方向滾地球遭到刺殺，二出局。,一出局,蔣智賢,刺殺,兄弟(0) VS (0)富邦
NA,NA,NA,LF,15,第六棒,2下,3.第六棒LF高國輝:遭到三振，三出局。,二出局,高國輝,三振,兄弟(0) VS (0)富邦
NA,NA,NA,3B,15,第九棒,3上,1.第九棒3B王勝偉:一壘方向平飛球遭到接殺，一出局。,零出局,王勝偉,接殺,兄弟(0) VS (0)富邦
NA,NA,NA,2B,15,第一棒,3上,2.第一棒2B王威晨:中外野方向飛球遭到接殺，二出局。,一出局,王威晨,接殺,兄弟(0) VS (0)富邦
NA,NA,NA,SS,15,第二棒,3上,3.第二棒SS吳東融:不死三振，三出局。,二出局,吳東融,三振,兄弟(0) VS (0)富邦
NA,NA,NA,RF,15,第七棒,3下,1.第七棒RF張正偉:左外野深遠安打，二壘有人。,零出局,張正偉,二壘安打,兄弟(0) VS (0)富邦
NA,張正偉,NA,C,15,第八棒,3下,2.第八棒C林宥穎:犧牲觸擊，打者遭到刺殺。一出局，三壘有人。,零出局,林宥穎,犧牲觸擊,兄弟(0) VS (0)富邦
NA,NA,張正偉,SS,15,第九棒,3下,3.第九棒SS李宗賢:左外野飛球遭到接殺，犧牲飛球帶有一分打點。二出局。,一出局,李宗賢,高飛犧牲打,兄弟(0) VS (0)富邦
NA,NA,NA,2B,15,第一棒,3下,4.第一棒2B陳品捷:四壞球保送，一壘有人，二出局。,二出局,陳品捷,保送,兄弟(0) VS (1)富邦
陳品捷,NA,NA,DH,15,第二棒,3下,5.第二棒DH胡金龍:投手暴投，一壘跑者上到二壘。左外野深遠安打，帶有一分打點，一壘有人。,二出局,胡金龍,投手暴投-一壘安打,兄弟(0) VS (1)富邦
胡金龍,NA,NA,CF,15,第三棒,3下,6.第三棒CF林哲瑄:一壘跑者盜壘失敗，三出局。,二出局,林哲瑄,盜壘失敗,兄弟(0) VS (2)富邦
NA,NA,NA,LF,15,第三棒,4上,1.第三棒LF周思齊:二壘方向彈跳球遭到刺殺，一出局。,零出局,周思齊,刺殺,兄弟(0) VS (2)富邦
NA,NA,NA,CF,15,第四棒,4上,2.第四棒CF張志豪:中外野方向飛球遭到接殺，二出局。,一出局,張志豪,接殺,兄弟(0) VS (2)富邦
NA,NA,NA,1B,15,第五棒,4上,3.第五棒1B彭政閔:右外野方向飛球遭到接殺，三出局。,二出局,彭政閔,接殺,兄弟(0) VS (2)富邦
NA,NA,NA,CF,15,第三棒,4下,1.第三棒CF林哲瑄:投手方向穿越安打，一壘有人。,零出局,林哲瑄,一壘安打,兄弟(0) VS (2)富邦
林哲瑄,NA,NA,1B,15,第四棒,4下,2.第四棒1B林益全:三壘方向平飛球遭到接殺，一壘跑者未回壘遭刺殺，二出局。,零出局,林益全,雙殺,兄弟(0) VS (2)富邦
NA,NA,NA,3B,15,第五棒,4下,3.第五棒3B蔣智賢:左外野方向飛球遭到接殺，三出局。,二出局,蔣智賢,接殺,兄弟(0) VS (2)富邦
NA,NA,NA,DH,15,第六棒,5上,1.第六棒DH陳子豪:一壘方向彈跳球遭刺殺，一出局。,零出局,陳子豪,刺殺,兄弟(0) VS (2)富邦
NA,NA,NA,RF,15,第七棒,5上,2.第七棒RF詹子賢:三壘方向彈跳球遭刺殺，二出局。,一出局,詹子賢,刺殺,兄弟(0) VS (2)富邦
NA,NA,NA,C,15,第八棒,5上,3.第八棒C王峻杰:遭到三振，三出局。,二出局,王峻杰,三振,兄弟(0) VS (2)富邦
NA,NA,NA,LF,15,第六棒,5下,1.第六棒LF高國輝:四壞球保送，一壘有人。,零出局,高國輝,保送,兄弟(0) VS (2)富邦
高國輝,NA,NA,RF,15,第七棒,5下,2.第七棒RF張正偉:游擊方向滾地球封殺一壘跑者，打者上一壘，一出局。,零出局,張正偉,封殺,兄弟(0) VS (2)富邦
張正偉,NA,NA,C,15,第八棒,5下,3.第八棒C林宥穎:二壘方向滾地球形成雙殺，三出局。,一出局,林宥穎,雙殺,兄弟(0) VS (2)富邦
NA,NA,NA,3B,15,第九棒,6上,1.第九棒3B王勝偉:右外野方向飛球遭到接殺，一出局。,零出局,王勝偉,接殺,兄弟(0) VS (2)富邦
NA,NA,NA,2B,15,第一棒,6上,2.第一棒2B王威晨:遭到三振，二出局。,一出局,王威晨,三振,兄弟(0) VS (2)富邦
NA,NA,NA,SS,15,第二棒,6上,3.第二棒SS吳東融:右外野落地安打，一壘有人，一出局。,二出局,吳東融,一壘安打,兄弟(0) VS (2)富邦
吳東融,NA,NA,LF,15,第三棒,6上,4.第三棒LF周思齊:中外野方向飛球遭到接殺，三出局。,二出局,周思齊,接殺,兄弟(0) VS (2)富邦
NA,NA,NA,SS,15,第九棒,6下,1.第九棒SS李宗賢:一壘方向彈跳球遭到刺殺，一出局。,零出局,李宗賢,刺殺,兄弟(0) VS (2)富邦
NA,NA,NA,2B,15,第一棒,6下,2.第一棒2B陳品捷:中外野深遠安打，二壘有人，一出局。,一出局,陳品捷,二壘安打,兄弟(0) VS (2)富邦
NA,陳品捷,NA,DH,15,第二棒,6下,3.第二棒DH胡金龍:三壘方向彈跳球遭到刺殺，三壘有人，二出局。,一出局,胡金龍,刺殺,兄弟(0) VS (2)富邦
NA,NA,NA,CF,15,第三棒,6下,4.第三棒CF林哲瑄:遭到三振，三出局。,二出局,林哲瑄,三振,兄弟(0) VS (2)富邦
NA,NA,NA,CF張,15,第四棒,7上,1.第四棒CF張志豪:遭到三振，一出局。,零出局,張志豪,三振,兄弟(0) VS (2)富邦
NA,NA,NA,1B,15,第五棒,7上,2.第五棒1B彭政閔:投手方向平飛球遭到刺殺，二出局。,一出局,彭政閔,刺殺,兄弟(0) VS (2)富邦
NA,NA,NA,DH,15,第六棒,7上,3.第六棒DH陳子豪:二壘方向彈跳球遭到刺殺，三出局。,二出局,陳子豪,刺殺,兄弟(0) VS (2)富邦
NA,NA,NA,1B,15,第四棒,7下,1.第四棒1B林益全:游擊方向滾地球遭到刺殺，一出局。,零出局,林益全,刺殺,兄弟(0) VS (2)富邦
NA,NA,NA,3B,15,第五棒,7下,2.第五棒3B蔣智賢:內野安打，一出局，一壘有人。,一出局,蔣智賢,一壘安打,兄弟(0) VS (2)富邦
蔣智賢,NA,NA,LF,15,第六棒,7下,3.第六棒LF高國輝:一壘方向穿越安打，一三壘有人，一出局。,一出局,高國輝,穿越安打穿越安打,兄弟(0) VS (2)富邦
高國輝,NA,蔣智賢,RF,15,第七棒,7下,4.第七棒RF張正偉:一壘跑者牽制出局，二出局。左外野深遠安打，帶有一分打點。二壘有人。,一出局,張正偉,一壘牽制出局-二壘安打,兄弟(0) VS (2)富邦
NA,張正偉,NA,C,15,第八棒,7下,5.第八棒C林宥穎:右外野深遠安打，帶有一分打點，打者遭到刺殺，三出局。,二出局,林宥穎,刺殺,兄弟(0) VS (3)富邦
NA,NA,NA,RF,15,第七棒,8上,1.第七棒RF詹子賢:遭到三振，一出局。,零出局,詹子賢,三振,兄弟(0) VS (4)富邦
NA,NA,NA,PH,15,第八棒,8上,2.第八棒PH林書逸:右外野方向落地安打，一壘有人，一出局。,一出局,林書逸,一壘安打,兄弟(0) VS (4)富邦
NA,NA,NA,3B,15,第九棒,8上,3.第九棒3B王勝偉:左外野方向飛球遭到接殺，一壘有人，二出局。,一出局,王勝偉,接殺,兄弟(0) VS (4)富邦
林書逸,NA,NA,2B,15,第一棒,8上,4.第一棒2B王威晨:四壞球保送，一二壘有人。,二出局,王威晨,保送,兄弟(0) VS (4)富邦
王勝偉,林書逸,NA,PH,15,第二棒,8上,5.第二棒PH蘇緯達:四壞球保送，滿壘。,二出局,蘇緯達,保送,兄弟(0) VS (4)富邦
王威晨,王勝偉,林書逸,LF,15,第三棒,8上,6.第三棒LF周思齊:游擊方向飛球遭到接殺，三出局。,二出局,周思齊,接殺,兄弟(0) VS (4)富邦
NA,NA,NA,SS,15,第九棒,8下,1.第九棒SS李宗賢:游擊方向滾地球遭到刺殺，一出局。,零出局,李宗賢,刺殺,兄弟(0) VS (4)富邦
NA,NA,NA,2B,15,第一棒,8下,2.第一棒2B陳品捷:遭到三振，二出局。,一出局,陳品捷,三振,兄弟(0) VS (4)富邦
NA,NA,NA,DH,15,第二棒,8下,3.第二棒DH胡金龍:游擊方向內野安打，一壘有人，二出局。,二出局,胡金龍,一壘安打,兄弟(0) VS (4)富邦
胡金龍,NA,NA,CF,15,第三棒,8下,4.第三棒CF林哲瑄:左外野深遠安打，帶有一分打點，二壘有人，二出局。,二出局,林哲瑄,二壘安打,兄弟(0) VS (4)富邦
NA,林哲瑄,NA,1B,15,第四棒,8下,5.第四棒1B林益全:右外野深遠安打，帶有一分打點，二壘有人，二出局。,二出局,林益全,二壘安打,兄弟(0) VS (5)富邦
NA,林益全,NA,/,15,/,8下, 投手暴投二壘跑者上三壘,二出局,/,投手暴投,兄弟(0) VS (6)富邦
NA,NA,林益全,3B,15,第五棒,8下,6.第五棒3B蔣智賢:遭到三振，三出局。,二出局,蔣智賢,三振,兄弟(0) VS (6)富邦
NA,NA,NA,CF,15,第四棒,9上,1.第四棒CF張志豪:遭到三振，一出局。,零出局,張志豪,三振,兄弟(0) VS (6)富邦
NA,NA,NA,1B,15,第五棒,9上,2.第五棒1B彭政閔:二壘方向彈跳球遭到刺殺，二出局。,一出局,彭政閔,刺殺,兄弟(0) VS (6)富邦
NA,NA,NA,DH,15,第六棒,9上,3.第六棒DH陳子豪:中外野方向飛球遭到接殺，三出局。,二出局,陳子豪,接殺,兄弟(0) VS (6)富邦
